anno	cantanti	titolo	lyrics	sesso	playlist_name	playlist_img	track_name	track_uri	artist_name	album_name	album_img	track_popularity	danceability	energy	key	loudness	mode	speechiness	acousticness	instrumentalness	liveness	valence	tempo	duration_ms	time_signature	key_mode
1951	Nilla Pizzi	Grazie dei fiori	tanti fiori in questo giorno lieto ho ricevuto rose rose ma le più belle le hai mandate tu grazie dei fior fra tutti gli altri li ho riconosciuti mi han fatto male eppure li ho graditi son rose rosse e parlano d'amor e grazie ancor che in questo giorno tu m'hai ricordato ma se l'amore nostro s'è perduto perché vuoi tormentare il nostro cuor in mezzo a quelle rose ci sono tante spine memorie dolorose di chi ha voluto bene son pagine già chiuse con la parola fine grazie dei fior fra tutti gli altri li ho riconosciuti mi han fatto male eppure li ho graditi son rose rosse e parlano d'amor grazie dei fior e addio per sempre addio senza rancor	1	Festival di Sanremo: Tutte le canzoni vincitrici (All Winners)	https://mosaic.scdn.co/640/84dfa22bd88d33fcb4dbae6c7464ec3d3ed5e87db7dc55c8d03f0d69ac26609c205b314714dfd087e39a814b141f80791d27af68a41f8e4b6c84bdf4f18d8f92e925c89caacf65f51925c0a69412abb2	Grazie dei fiori	1AX7J0yLgr8omfK9fnQCBH	Nilla Pizzi	Sanremo Story 1951	https://i.scdn.co/image/b7dc55c8d03f0d69ac26609c205b314714dfd087	1	0.225	0.153	D#	-16.924	major	0.0384	0.982	0.0291	0.314	0.262	169.941	226604	4	D# major
1952	Nilla Pizzi	Vola colomba	Dio del Ciel se fossi una colomba Vorrei volar laggiù dov'è il mio amor, Che inginocchiato a San Giusto Prega con l'animo mesto: Fa che il mio amore torni Ma torni presto  Vola, colomba bianca, vola Diglielo tu Che tornerò  Dille che non sarà più sola E che mai più La lascerò  Fummo felici uniti e ci han divisi Ci sorrideva il sole, il cielo, il mar Noi lasciavamo il cantiere Lieti del nostro lavoro E il campanon din don Ci faceva il coro  Vola, colomba bianca, vola Diglielo tu Che tornerò  Tutte le sere m'addormento triste E nei miei sogni piango e invoco te Anche il mi vecio te sogna Pensa alle pene sofferte Piange e nasconde il viso tra le coperte  Vola, colomba bianca, vola Diglielo tu Che tornerò  Diglielo tu Che tornerò.	1	Festival di Sanremo: Tutte le canzoni vincitrici (All Winners)	https://mosaic.scdn.co/640/84dfa22bd88d33fcb4dbae6c7464ec3d3ed5e87db7dc55c8d03f0d69ac26609c205b314714dfd087e39a814b141f80791d27af68a41f8e4b6c84bdf4f18d8f92e925c89caacf65f51925c0a69412abb2	Vola colomba	1nS7PNnOv8BEGazxQqvPKO	Nilla Pizzi	Sanremo Story 1952	https://i.scdn.co/image/84dfa22bd88d33fcb4dbae6c7464ec3d3ed5e87d	0	0.334	0.0314	C	-17.879	major	0.0725	0.995	0.245	0.138	0.238	177.084	209676	3	C major
1954	Giorgio Consolini, Gino Latilla	Tutte le mamme	Donne donne donne che l amore trasformerà mamme mamme mamme questo é il dono che Dio ti da tra batuffoli e fasce mille sogni nel cuor per un bimbo che nasce.quante gioie e dolor. son tutte belle le mamme del mondo quando un bambino si stringon al cuor. son le bellezze di un bene profondo fatto di sogni rinunce e d'amor. è tanto bello quel volto di donna che veglia un bimbo e riposo non ha. sembra l'immagine d'una madonna sembra l'immagine della bontà. e gli anni passano i bimbi crescono. le mamme imbiancano ma non sfiorirá la loro beltà. son tutte belle le mamme del mondo grandi tesori di luce e bontà che custodiscono un bene profondo il più sincero dell'umanità. mamme mamme mamme quante pene l'amor vi dà ieri oggi sempre, per voi mamme non c'è pietà. ogni vostro bambino quando uomo sarà verso il proprio destino senza voi se ne andrà. e gli anni passano e i bimbi crescono le mamme imbiancano ma non sfiorirà la loro beltà son tutte belle le mamme del mondo ma sopra tutte più bella tu sei. tu che m'hai dato il tuo bene profondo. e sei la mamma dei bimbi miei.	0	Festival di Sanremo: Tutte le canzoni vincitrici (All Winners)	https://mosaic.scdn.co/640/84dfa22bd88d33fcb4dbae6c7464ec3d3ed5e87db7dc55c8d03f0d69ac26609c205b314714dfd087e39a814b141f80791d27af68a41f8e4b6c84bdf4f18d8f92e925c89caacf65f51925c0a69412abb2	Tutte le mamme	6vMd71SxAIUxTwPlLntDv0	Giorgio Consolini	Giorgio Consolini: tutte le mamme	https://i.scdn.co/image/c7964cd55bd3c821c698f064dab82a430a929061	1	0.42	0.171	G#	-13.537	major	0.0393	0.985	1.48e-5	0.35	0.501	77.626	196232	5	G# major
1955	Claudio Villa, Tullio Pane,	Buongiorno tristezza	"buongiorno tristezza lo non sapevo lusinghe d'amore canzoni d'amore veleni d'amore quando in un bacio le chiesi un cuore mi diede un cuore perdetti un cuore d'allora quante monete d'oro quest'occhi le han donato d'allora buongiorno tristezza amica della mia malinconia la strada la sai facciamoci ancor oggi compagnia buongiorno tristezza torniamo dove un giorno t'incontrai e dissi di lei: "" mi vuole ancora bene"" e mi sbagliai piangono le foglie gialle tutte intorno a me chiedono al mormorio dei platani: "" dov'è"" vedendomi con te buongiorno tristezza amica della mia malinconia"	0	Festival di Sanremo: Tutte le canzoni vincitrici (All Winners)	https://mosaic.scdn.co/640/84dfa22bd88d33fcb4dbae6c7464ec3d3ed5e87db7dc55c8d03f0d69ac26609c205b314714dfd087e39a814b141f80791d27af68a41f8e4b6c84bdf4f18d8f92e925c89caacf65f51925c0a69412abb2	Buongiorno tristezza	6j171QYbpSSbNDD2CFjM7x	Claudio Villa	Sanremo Story 1955	https://i.scdn.co/image/5188007ac91a2df9ea196b227aa74a1abe6e853e	0	0.218	0.193	C	-15.413	minor	0.043	0.99	0.3	0.108	0.142	80.997	192610	4	C minor
1956	Franca Raimondi	Aprite le finestre	la prima rosa rossa è già sbocciata e nascon timide le viole mammole ormai la prima rondine è tornata nel cielo limpido comincia a volteggiar il tempo bello viene ad annunciar aprite le finestre al nuovo sole è primavera è primavera lasciate entrare un poco d'aria pura con il profumo dei giardini e i prati in fior aprite le finestre ai nuovi sogni bambine belle innamorate è forse il più bel sogno che sognate sarà domani la felicità nel cielo fra le nuvole d'argento la luna ha già fissato appuntamento aprite le finestre al nuovo sole è primavera festa dell'amor la la la aprite le finestre al nuovo sol sul davanzale un piccolo usignolo dall'ali tenere le piume morbide ha già spiccato il timido suo volo e contro i vetri ha cominciato a picchiettar il suo più bel messaggio vuol portar è primavera è primavera aprite le finestre ai nuovi sogni alle speranze all'illusione lasciate entrare l'ultima canzone che dolcemente scenderà nel cuor nel cielo fra le nuvole d'argento la luna ha già fissato appuntamento aprite le finestre al nuovo sole è primavera festa dell'amor la la la aprite le finestra al primo amor	1	Festival di Sanremo: Tutte le canzoni vincitrici (All Winners)	https://mosaic.scdn.co/640/84dfa22bd88d33fcb4dbae6c7464ec3d3ed5e87db7dc55c8d03f0d69ac26609c205b314714dfd087e39a814b141f80791d27af68a41f8e4b6c84bdf4f18d8f92e925c89caacf65f51925c0a69412abb2	Aprite le finestre	7gngM4fuUDwWqBX03pV4Sx	Franca Raimondi	Sanremo Story 1956	https://i.scdn.co/image/bc3e426243f38e8a194dbbe73ae3458ecc217a28	0	0.793	0.191	D	-12.977	major	0.0648	0.794	0	0.0717	0.909	122.099	162099	4	D major
1957	Claudio Villa, Nunzio Gallo	Corde della mia chitarra	e' tornata l'hanno accolta le stesse cose l'hanno attesa le stesse rose dolce sogno dagli occhi verdi è tornata ma è troppo tardi troppo tardi per chi aspettò corde della mia chitarra se la mano trema sull'accordo se la musica si perde nell' indifferenza d'uno sguardo corde della mia chitarra perchè vi fermate perchè non suonate soltanto per me oh com'era dolce questa musica ohe come adesso sembra inutile se non ci ascolterà non vi fermate corde della mia chitarra suonate per me suonate suonate corde della mia chitarra	0	Festival di Sanremo: Tutte le canzoni vincitrici (All Winners)	https://mosaic.scdn.co/640/84dfa22bd88d33fcb4dbae6c7464ec3d3ed5e87db7dc55c8d03f0d69ac26609c205b314714dfd087e39a814b141f80791d27af68a41f8e4b6c84bdf4f18d8f92e925c89caacf65f51925c0a69412abb2	Corde della mia chitarra	6CyO5YmI9utU16RGJptCjc	Claudio Villa	Sanremo Story 1957	https://i.scdn.co/image/16ab17c5907070497a7ddb182ae6e7ecfaba391a	0	0.342	0.0935	G	-15.452	major	0.0449	0.978	0	0.227	0.202	167.97	173383	3	G major
1960	Tony Dallara, Renato Rascel	Romantica	Bambina mia sono l'ultimo poeta che s'ispira ad una stella. Bambina mia, sono l'ultimo inguaribile malato di poesia.  E voglio bene a te perché sei come me, romantica.  Tu sei romantica, amarti è un po' rivivere, nella semplicità, nell'irrealtà di un altra età.  Tu sei romantica, amica delle nuvole, che cercano lassù un po' di sol come fai tu.  Tu sei la musica che ispira l'anima sei tu il mio angolo di paradiso per me.  Ed io che accanto a te son ritornato a vivere, a te racconterò, affiderò i sogni miei perché romantica tu sei.  Tu sei la musica che ispira l'anima sei tu il mio angolo di paradiso per me.  Tu sei romantica, amica delle nuvole, a te racconterò, affiderò i sogni miei perché romantica tu sei.	0	Festival di Sanremo: Tutte le canzoni vincitrici (All Winners)	https://mosaic.scdn.co/640/84dfa22bd88d33fcb4dbae6c7464ec3d3ed5e87db7dc55c8d03f0d69ac26609c205b314714dfd087e39a814b141f80791d27af68a41f8e4b6c84bdf4f18d8f92e925c89caacf65f51925c0a69412abb2	Romantica	0rIRQzND7Ygkc8dD4Up26P	Renato Rascel	Italy - 100 Romantic Classics	https://i.scdn.co/image/5492176a58832251eafeaf412a4e8f4a7c307fd3	0	0.227	0.293	G	-12.06	major	0.0317	0.964	0.791	0.091	0.0876	86.457	242440	4	G major
1961	Betty Curtis, Luciano Tajoli	Al di là	Al di la del bene più prezioso, ci sei tu… ci sei tu… Al di la del sogno più ambizioso, ci sei tu… ci sei tu… Al di la delle cose più belle, al di la delle stelle ci sei tu, al di la ci sei tu, per me, per me, soltanto per me. Al di la del mare più profondo, ci sei tu… ci sei tu… Al di la dei limiti del mondo, ci sei tu… ci sei tu… Al di la della volta infinita al di Ia della vita ci sei tu, al di la, ci sei tu, per me!	0.5	Festival di Sanremo: Tutte le canzoni vincitrici (All Winners)	https://mosaic.scdn.co/640/84dfa22bd88d33fcb4dbae6c7464ec3d3ed5e87db7dc55c8d03f0d69ac26609c205b314714dfd087e39a814b141f80791d27af68a41f8e4b6c84bdf4f18d8f92e925c89caacf65f51925c0a69412abb2	Al di là	4AZrGY8svkIylX1aPJY7LB	Betty Curtis	Le più belle canzoni	https://i.scdn.co/image/3c881d69564a602943cfd5a8c839ce264898df6a	5	0.237	0.232	G#	-11.582	major	0.032	0.872	0	0.2	0.152	81.093	249360	4	G# major
1963	Tony Renis, Emilio Pericoli	Uno per tutte	Sei quasi fatta per me  dipinta per me  Claudia  però confesso che tu mi piaci di più  Nadia    Di tutte, tutto mi va  u-ulla-lalla  sempre  non so decidermi mai  mi trovo perciò nei guai  vi penso e vedo cieli senza nuvole  e mille mandolini mi accarezzano  poi apro gli occhi e allor mi accorgo che  non c'e non c'e nessuna accanto a me  Innamorato di te desidero te  Laura  non sono bello però che colpa ne ho  Giulia?  Ho sulla bocca per voi  u-ulla-lalla  baci  ed io li dedico a chi  per prima dirà di si	0	Festival di Sanremo: Tutte le canzoni vincitrici (All Winners)	https://mosaic.scdn.co/640/84dfa22bd88d33fcb4dbae6c7464ec3d3ed5e87db7dc55c8d03f0d69ac26609c205b314714dfd087e39a814b141f80791d27af68a41f8e4b6c84bdf4f18d8f92e925c89caacf65f51925c0a69412abb2	Uno per tutte	4f3KHR3AMke3WmaciwlCLp	Tony Renis	Festival di Sanremo 1963	https://i.scdn.co/image/5e9b5e811858b001095021ccc11e7c002f6c7869	1	0.529	0.411	A	-8.637	minor	0.0329	0.474	0	0.284	0.499	116.737	220288	4	A minor
1967	Claudio Villa, Iva Zanicchi	Non pensare a me	Non pensare a me,  Continua pure la tua strada senza mai pensare a me.  Tanto, cosa vuoi, c'è stata solo una parentesi fra noi.  Forse piangerò ma in qualche modo, bene o male, tu vedrai,  Mi arrangerò   Anche se mai più sarò felice come quando c'eri tu.  La vita continuerà, il mondo non si fermerà.   Non pensare a me,  Il sole non si spegnerà con te.  Non pensare a me,  Continua pure la tua strada senza mai pensare a me.   Forse piangerò ma in qualche modo, bene o male, tu vedrai,  Mi arrangerò  Anche se mai più sarò felice come quando c'eri tu.  La vita continuerà, il mondo non si fermerà.  Non pensare a me,  Il sole non si spegnerà con te	0.5	Festival di Sanremo: Tutte le canzoni vincitrici (All Winners)	https://mosaic.scdn.co/640/84dfa22bd88d33fcb4dbae6c7464ec3d3ed5e87db7dc55c8d03f0d69ac26609c205b314714dfd087e39a814b141f80791d27af68a41f8e4b6c84bdf4f18d8f92e925c89caacf65f51925c0a69412abb2	Non pensare a me	3abzVp5QKFDFyLhxZm7W5X	Claudio Villa	Il meglio di Claudio Villa, vol. 2	https://i.scdn.co/image/b2c938b130a905847acbdf668a9dd65f80a448d8	19	0.252	0.313	G	-14.344	major	0.0366	0.356	0	0.384	0.189	94.738	162533	4	G major
1969	Bobby Solo, Iva Zanicchi	Zingara	Prendi questa mano, Zingara, Dimmi pure che destino avrò Parla del mio amore, Io non ho paura Perché Lo so Che ormai Non m'appartiene.  Guarda nei miei occhi, Zingara Vedi l'oro dei capelli suoi. Dimmi se ricambia Parte del mio amore, Devi dirlo Questo Tocca a te.  Ma se è scritto che Lo perderò, Come neve al sole Si scioglierà Un amore.  Prendi questa mano, Zingara   Ma se è scritto che Lo perderò, Come neve al sole Si scioglierà Un amore.  Prendi questa mano, Zingara, Leggi pure che destino avrò Dimmi che mi ama, Dammi la speranza, Solo questo Conta Ormai per me. Perdutamente mia  ora più che mai viva  un raggio della luna  caduto su di me Perdutamente tua  d'amore e d'incoscienza  prendimi sotto la pioggia Stringimi sotto la pioggia  la vita ti darò.	0.5	Festival di Sanremo: Tutte le canzoni vincitrici (All Winners)	https://mosaic.scdn.co/640/84dfa22bd88d33fcb4dbae6c7464ec3d3ed5e87db7dc55c8d03f0d69ac26609c205b314714dfd087e39a814b141f80791d27af68a41f8e4b6c84bdf4f18d8f92e925c89caacf65f51925c0a69412abb2	Zingara	6kHloHRxmsbWh8sEbDdooI	Bobby Solo	Super Best (Remastered)	https://i.scdn.co/image/436036161d361957b808a7d5d24cd5cf12b9d661	2	0.565	0.633	C	-5.433	minor	0.0274	0.763	4.01e-6	0.112	0.702	98.853	163788	3	C minor
1971	Nada, Nicola Di Bari	Il cuore è uno zingaro	"avevo una ferita in fondo al cuore soffrivo soffrivo… le dissi non è niente ma mentivo piangevo piangevo per te si è fatto tardi è già notte non mi tenere lasciami giù mi disse non guardarmi negli occhi e mi lasciò cantando così: "" che colpa ne ho se il cuore è uno zingaro e va catene non ha il cuore è uno zingaro e va finché troverà il prato più verde che c'è raccoglierà le stelle su di se e si fermerà chissà… e si fermerà"" l' ho vista un anno dopo l'altra sera rideva rideva mi strinse lo sapeva che il mio cuore batteva batteva mi disse stiamo insieme stasera che voglia di rispondere sì… ma senza mai guardarla negli occhi io la lasciai cantando così: "" che colpa ne ho"	0.5	Festival di Sanremo: Tutte le canzoni vincitrici (All Winners)	https://mosaic.scdn.co/640/84dfa22bd88d33fcb4dbae6c7464ec3d3ed5e87db7dc55c8d03f0d69ac26609c205b314714dfd087e39a814b141f80791d27af68a41f8e4b6c84bdf4f18d8f92e925c89caacf65f51925c0a69412abb2	Il cuore è uno zingaro	6btqpuwCTK96dSc7TpShgk	Nada	Italian Love Songs	https://i.scdn.co/image/8b640279ba1b883c862dfba47571b76bcac21c7c	24	0.539	0.46	A#	-7.536	major	0.0254	0.429	0	0.258	0.678	104.092	233880	4	A# major
1977	Homo Sapiens	Bella da morire	"nei films d'amore vince sempre il bene e chi si lascia torna sempre insieme ma per noi due c'è un'altra fine adesso la folla tra i colombi che ci osserva il freddo i nostri aliti la nebbia e piangere domenica mattina qui per te che sei bella da morire ragazzina tu sul tuo seno da rubare io non gioco più e sei bella da morire tutto sembra un film da girare troppo in fretta con la ""fine"" sopra i tuoi blue-jeans a sedici anni non si perde il cuore nemmeno quando provi a far l'amore e tu con me hai vinto tutto quanto di te rimane solo una maglietta lasciata sopra il letto in tutta fretta e il pianto di domenica mattina qui per te che sei bella da morire ragazzina tu sul tuo seno da rubare io non gioco più e sei bella da morire tutto sembra un film da girare troppo in fretta con la ""fine"" sopra i tuoi blue-jeans e sei bella da morire tutto sembra un film da girare troppo in fretta con la ""fine"" sopra i tuoi blue-jeans"	0.2	Festival di Sanremo: Tutte le canzoni vincitrici (All Winners)	https://mosaic.scdn.co/640/84dfa22bd88d33fcb4dbae6c7464ec3d3ed5e87db7dc55c8d03f0d69ac26609c205b314714dfd087e39a814b141f80791d27af68a41f8e4b6c84bdf4f18d8f92e925c89caacf65f51925c0a69412abb2	Bella da morire	3lxmdu9X9a6SVysg1dCpkr	Homo Sapiens	I Supergruppi	https://i.scdn.co/image/72f6993d6881516e883b88c894abfd3d96cad273	2	0.341	0.349	A	-10.396	major	0.0343	0.702	1.79e-5	0.101	0.247	136.284	266e3	4	A major
1979	Mino Vergnaghi	Amare	Come vuoi, parliamo di progetti se ti va vuoi vivere una vita insieme a me mi parli di coraggio e volontà e cerchi con affanno il mio domani con tanta e tanta voglia di amare. Amare che cosa vuoi che voglia dire amare la vita programmata è forse amare domani ancora uguale. Amare non basta avere vent'anni per amare illudersi che insieme sia migliore e poi sentirsi male. Come sai, un giorno mangia I'altro ed hai l'età diritto di votare e dire no bisogno di campare e dire si e cerchi l'evasione più banale oppure esplodi e addio domani. Amare che cosa vuoi che voglia dire amare la noia quotidiana è forse amare domani ancora uguale. Amare volersi ad ogni costo non è amare illudersi che sia se fai l'amore e poi sentirsi male	0	Festival di Sanremo: Tutte le canzoni vincitrici (All Winners)	https://mosaic.scdn.co/640/84dfa22bd88d33fcb4dbae6c7464ec3d3ed5e87db7dc55c8d03f0d69ac26609c205b314714dfd087e39a814b141f80791d27af68a41f8e4b6c84bdf4f18d8f92e925c89caacf65f51925c0a69412abb2	Amare	2gC7gI5pp9HxczXtDUe3yk	Mino Vergnaghi	Best of Mino Vergnaghi	https://i.scdn.co/image/7e9356d000b5af1aa9af857cd646aa3f13153df0	14	0.461	0.454	D	-8.426	major	0.0285	0.575	0.0126	0.343	0.227	116.43	253886	4	D major
1980	Toto Cutugno	Solo noi	E mi diceva, io sto bene con te E mi diceva, tu sei tutto per me. Se non è amore, dimmelo tu, cos'e'? Si addormentava abbracciandosi a me. Mi risvegliava, con un bacio e un caffe' e poi giocava qui nel letto con me. Se non è amore, dimmelo tu, cos'e'? E poi restava a parlare di noi. Solo noi, solo noi. Dimmi che tu mi vuoi. Solo noi, solo noi. Il respiro di noi.  Solo noi, solo noi. Dimmi che nessun uomo ti ha fatto tremar come tremi con me. Solo noi, solo noi. Le montagne, se vuoi. Solo noi, solo noi. Prati verdi, se vuoi. Solo noi, solo noi. Dimmi che non sai stare da sola un minuto se non sei con me. Odio l'aurora ora che non ci sei Scende la sera, entri dentro di me. Se non è dolore, dimmelo tu, cos'e'? Ti penso ancora, ma tu non sei con me. Solo noi, solo noi. Dimmi che è amore? Solo noi, solo noi. La mia mente dov'e'? Solo noi, solo noi. Odio queste lenzuola che in tempo cancella il profumo di te. Solo noi, solo noi. Le montagne non vuoi. Solo noi, solo noi. Prati verdi non vuoi. Solo noi, solo noi. Mi dicevi che non poi restare un minuto lontano da me Solo noi, solo noi. La mia casa non vuoi. Solo noi, solo noi. Vendo tutto se vuoi. Solo noi, solo noi. Odio queste lenzuola che in tempo cancella il profumo di teeee... Solo noi, solo noi. Noi, solo noi... solo noi, solo noi Noi, solo noi... solo noi, solo noi Noi, solo noi, noi... noi... noi... solo noi... solo noi... solo noi Noi, solo noi... solo noi, solo noi Noi, solo noi... solo noi, solo noi Noi, solo noi... noi... noi... noi... solo noi...	0	Festival di Sanremo: Tutte le canzoni vincitrici (All Winners)	https://mosaic.scdn.co/640/84dfa22bd88d33fcb4dbae6c7464ec3d3ed5e87db7dc55c8d03f0d69ac26609c205b314714dfd087e39a814b141f80791d27af68a41f8e4b6c84bdf4f18d8f92e925c89caacf65f51925c0a69412abb2	Solo noi	52PTQKkfOwng8lv7ttNdGX	Toto Cutugno	Ritratto di Toto Cutugno	https://i.scdn.co/image/83d40db576d54551e6647a9d72d065d4464f2ccb	0	0.274	0.667	D	-6.459	major	0.0695	0.699	0	0.625	0.27	170.097	246120	3	D major
1981	Alice	Per Elisa	per elisa vuoi vedere che perderai anche me per elisa non sai più distinguere che giorno è e poi non è nemmeno bella per elisa paghi sempre tu e non ti lamenti per lei ti metti in coda per le spese e il guaio è che non te ne accorgi con elisa guardi le vetrine e non ti stanchi lei ti lascia e ti riprende come e quando vuole lei riesce solo a farti male vivere vivere vivere non è più vivere lei ti ha plagiato ti ha preso anche la dignità fingere fingere fingere non sai più fingere senza di lei senza di lei ti manca l'aria senza elisa non esci neanche a prendere il giornale con me riesci solo a dire due parole ma noi un tempo ci amavamo con elisa guardi le vetrine e non ti stanchi lei ti lascia e ti riprende come e quando vuole lei riesce solo a farti male vivere vivere vivere non è più vivere lei ti ha plagiato ti ha preso anche la dignità fingere fingere fingere non sai più fingere senza di lei senza di lei ti manca l'aria vivere non è più vivere per elisa con elisa	1	Festival di Sanremo: Tutte le canzoni vincitrici (All Winners)	https://mosaic.scdn.co/640/84dfa22bd88d33fcb4dbae6c7464ec3d3ed5e87db7dc55c8d03f0d69ac26609c205b314714dfd087e39a814b141f80791d27af68a41f8e4b6c84bdf4f18d8f92e925c89caacf65f51925c0a69412abb2	Per Elisa	1p5RfaVSHJhd3SCzBEikDp	Alice	Alice Canta Battiato	https://i.scdn.co/image/73a79ed1c2f296e55666185114be463f5ece1d47	38	0.535	0.588	C	-8.887	major	0.0472	0.125	2.13e-5	0.123	0.461	101.665	216667	4	C major
1982	Riccardo Fogli	Storie di tutti i giorni	m fabrizio/ g morra/ r fogli storie di tutti i giorni vecchi discorsi sempre da fare storie ferme sulle panchine in attesa di un lieto fine; storie di noi brava gente che fa fatica s'innamora con niente vita di sempre ma in mente grandi idee un giorno in più che se ne va un orologio fermo da un'eternità per tutti quelli così come noi da sempre in corsa sempre a metà; un giorno in più che passa ormai con questo amore che non è grande come vorrei storie come amici perduti che cambiano strada se li saluti; storie che non fanno rumore come una stanza chiusa a chiave; storie che non hanno futuro come un piccolo punto su un grande muro dove scriverci un rigo a una donna che non c'è più un giorno in più che se ne va un uomo stanco che nessuno ascolterà per tutti quelli così come noi senza trionfi né grossi guai; un giorno in più che passa ormai con questo amore che non è bello come vorrei storie come anelli di fumo in un posto lontano senza nessuno solo una notte che non finisce mai un giorno in più che se ne va dimenticato tra i rumori di città per tutti quelli così come noi niente è cambiato e niente cambierà; un giorno in più che passa ormai con questo amore che non è forte come vorrei storie di tutti i giorni vecchi discorsi sempre da fare storie ferme sulle panchine in attesa di un lieto fine	0	Festival di Sanremo: Tutte le canzoni vincitrici (All Winners)	https://mosaic.scdn.co/640/84dfa22bd88d33fcb4dbae6c7464ec3d3ed5e87db7dc55c8d03f0d69ac26609c205b314714dfd087e39a814b141f80791d27af68a41f8e4b6c84bdf4f18d8f92e925c89caacf65f51925c0a69412abb2	Storie di tutti i giorni	4431Ew1ndtl1qTWdBNFjtU	Riccardo Fogli	Il Mondo Di...	https://i.scdn.co/image/71def1ff67d9935ec63b5b19c1a6ca8e2a8b40d5	24	0.482	0.729	F	-7.823	minor	0.0637	0.00656	7.72e-5	0.109	0.506	117.199	211613	4	F minor
1983	Tiziana Rivale	Sarà quel che sarà	: Se un giorno il mondo intero cadesse giù mi salverei se solo ci fossi tu c'è la terra, il mare c'è ma anche quello che non c'è so che tu lo inventeresti per me.  Se anche l'acqua poi andasse all'insù ci crederei perché ci credi anche tu, una storia siamo noi con i miei problemi e i tuoi che risolveremo e poi...  Sarà sarà quel che sarà dei nostro amore che sarà prendiamo oggi quel che da e quel che avanza per domani basterà .  E quando avremo qualche anno di più se a dirmi t'amo sarai ancora tu la mia dolce gelosia ti terrà un po' compagnia ogni volta che andrai via.  Sarà sarà quel che sarà del nostro amore che sarà prendiamo oggi quel che da e quel che avanza per domani basterà .  Sarà sarà quel che sarà del nostro amore che sarà prendiamo oggi quel che da e quel che avanza per domani basterà ...	1	Festival di Sanremo: Tutte le canzoni vincitrici (All Winners)	https://mosaic.scdn.co/640/84dfa22bd88d33fcb4dbae6c7464ec3d3ed5e87db7dc55c8d03f0d69ac26609c205b314714dfd087e39a814b141f80791d27af68a41f8e4b6c84bdf4f18d8f92e925c89caacf65f51925c0a69412abb2	Sarà quel che sarà	1MNWaUhByjbfwhhWa9NSSC	Tiziana Rivale	Il meglio	NA	7	0.61	0.621	F	-10.343	major	0.0321	0.0621	3.57e-4	0.391	0.68	141.96	242733	4	F major
1984	Al Bano, Romina Power	Ci sarà	romina: dopo questa vita che si dimentica di te dopo questo cielo senza arcobaleno dopo la malinconia che mi prende a ogni bugia dopo tutta questa voglia di sereno dimmi chi ci sarà al bano: dopo il sogno delle hawaii come i tutti marinai attraverso questo mare di cemento dopo un altro inverno che soffia neve su di me che ho già freddo se non sono accanto a te both: devi crederci ci sarà una storia d'amore ed un mondo migliore ci sarà un azzurro più intenso in un cielo più immenso ci sarà la tua ombra al mio fianco vestita di bianco ci sarà anche un modo più umano per dirsi ti amo di più romina: dopo un oggi che non va dopo tanta vanità e nessuno che ti dà niente per niente al bano: dopo tutto il male che c'è nel mondo intorno a te com'è bello ritrovarti accanto a me both: devi crederci ci sarà una storia d'amore ed un mondo migliore ci sarà un azzurro più intenso in un cielo più immenso ci sarà la tua ombra al mio fianco vestita di bianco ci sarà anche un modo più umano per dirsi ti amo	0.5	Festival di Sanremo: Tutte le canzoni vincitrici (All Winners)	https://mosaic.scdn.co/640/84dfa22bd88d33fcb4dbae6c7464ec3d3ed5e87db7dc55c8d03f0d69ac26609c205b314714dfd087e39a814b141f80791d27af68a41f8e4b6c84bdf4f18d8f92e925c89caacf65f51925c0a69412abb2	Ci sarà	4DeKhA9cE6MuPxCOrkTgs2	Al Bano And Romina Power	Love Songs	https://i.scdn.co/image/86596fb806ab4f1164acf4cabbb9ab9c1d20b737	12	0.648	0.638	E	-6.096	minor	0.0291	0.202	0	0.267	0.436	116.024	208840	4	E minor
1986	Eros Ramazzotti	Adesso tu	nato ai bordi di periferia dove i tram non vanno avanti più dove l'aria è popolare è più facile sognare che guardare in faccia la realtà quanta gente giovane va via a cercare più di quel che ha forse perché i pugni presi a nessuno li ha mai resi e dentro fanno male ancor di più ed ho imparato che nella vita nessuno mai ci da di più ma quanto fiato quanta salita andare avanti senza voltarsi mai e ci sei adesso tu a dare un senso ai giorni miei va tutto bene dal momento che ci sei adesso tu ma non dimentico tutti gli amici miei che sono ancora là e ci si trova sempre più soli a questa età non sai non sai ma quante corse ma quanti voli andare avanti senz'arrivare mai e ci sei adesso tu al centro dei pensieri miei la parte interna dei respiri tu sarai la volontà che non si limita tu che per me sei già una rivincita adesso sai chi è quell'uomo che c'è in me nato ai bordi di periferia dove non ci torno quasi più resta il vento che ho lasciato come un treno già passato oggi che mi sei accanto oggi che si sei soltanto oggi che ci sei adesso tu	0	Festival di Sanremo: Tutte le canzoni vincitrici (All Winners)	https://mosaic.scdn.co/640/84dfa22bd88d33fcb4dbae6c7464ec3d3ed5e87db7dc55c8d03f0d69ac26609c205b314714dfd087e39a814b141f80791d27af68a41f8e4b6c84bdf4f18d8f92e925c89caacf65f51925c0a69412abb2	Adesso tu	07CPBe6hvgHgn749mxR0EJ	Eros Ramazzotti	Nuovi Eroi	https://i.scdn.co/image/d8b18b5f929bbb00b4dd7a33397f3a9380e21022	34	0.464	0.377	F	-11.676	minor	0.0356	0.338	0	0.11	0.326	136.47	303827	4	F minor
1987	Gianni Morandi, Enrico Ruggeri, Umberto Tozzi	Si può dare di più	in questa notte di venerdì perché non dormi perché sei qui perché non parti per un week-end che ti riporti dentro di te cosa ti manca cosa non hai cos'é che insegui se non lo sai se la tua corsa finisse qui forse sarebbe meglio cosi ma se afferri un'idea che ti apre una via e la tieni con te o ne segui la scia risalendo vedrai quanti cadono giù e per loro tu puoi fare di più in questa barca persa nel blu noi siamo solo dei marinai tutti sommersi non solo tu nelle bufere dei nostri guai perché la guerra la carestia non sono scene viste in t v e non puoi dire lascia che sia perché ne avresti un po colpa anche tu si può dare di più perché é dentro di noi si può dare di più senza essere eroi come fare non so non lo sai neanche tu ma di certo si può dare di più perché il tempo va sulle nostre vite rubando i minuti di un eternità e se parlo con te e ti chiedo di più e' perché te sono io non solo tu si può dare di più perché é dentro di noi si può dare di più senza essere eroi come fare non so non lo sai neanche tu ma di certo si può dare di più come fare non so non lo sai neanche tu ma di certo si può dare di più	0	Festival di Sanremo: Tutte le canzoni vincitrici (All Winners)	https://mosaic.scdn.co/640/84dfa22bd88d33fcb4dbae6c7464ec3d3ed5e87db7dc55c8d03f0d69ac26609c205b314714dfd087e39a814b141f80791d27af68a41f8e4b6c84bdf4f18d8f92e925c89caacf65f51925c0a69412abb2	Si può dare di più	7HAuQMhvEKtZCGBKZiyj66	Morandi	Collection: Tutto Hits Anni '80	https://i.scdn.co/image/e45204f28dba8ace84e8c6bc3b98a2e3aba2b36f	12	0.594	0.533	D	-10.092	major	0.0375	0.4	0	0.0869	0.265	114.504	267520	4	D major
1989	Anna Oxa, Fausto Leali	Ti lascerò	s bardotti - f berlincioni - f ciani - f fasano - f leali ti lascerò andare ma indifesa come sei farei di tutto per poterti trattenere perchè dovrai scontrarti con i sogni che si fanno quando si vive intensamente la tua età ti lascerò provare a dipingere i tuoi giorni con i colori accesi dei tuoi anni ti aiuterò a sconfiggere i dolori che verranno perchè saranno anche più grandi degli amori che ti avranno e lascerò ai tuoi occhi tutta una vita da guardare ma è la tua vita e non trattarla male ti lascerò crescere ti lascerò scegliere ti lascerò anche sbagliare ti lascerò ti lascerò decidere per chi sarà al tuo fianco piuttosto che permettere di dirmi che sei stanco lo faccio perché in te ho amato l'uomo e il suo coraggio e quella forza di cambiare per poi ricominciare e quando avrò davanti agli occhi altri due occhi da guardare il mio silenzio lo sentirai gridare ti lascerò vivere ti lascerò ridere ti lascerò ti lascerò e lascerò ai tuoi sorrisi la voglia di scoppiare ed il tuo orgoglio lo lascerò sfogare ti lascerò credere ti lascerò scegliere ti lascerò ti lascerò ti lascerò vivere ti lascerò vivere ti lascerò ti lascerò	0	Festival di Sanremo: Tutte le canzoni vincitrici (All Winners)	https://mosaic.scdn.co/640/84dfa22bd88d33fcb4dbae6c7464ec3d3ed5e87db7dc55c8d03f0d69ac26609c205b314714dfd087e39a814b141f80791d27af68a41f8e4b6c84bdf4f18d8f92e925c89caacf65f51925c0a69412abb2	Ti lascerò	1KzEz2YM5TVHG2oL2GIG6E	Anna Oxa	Best of Anna Oxa	https://i.scdn.co/image/e29685b37b69abbfc1331c4660b77da92623e130	19	0.474	0.563	F	-5.106	major	0.035	0.765	0	0.122	0.162	138.031	241853	4	F major
1990	Pooh	Uomini soli	li incontri dove la gente viaggia e va a telefonare col dopobarba che sa di pioggia e la ventiquattro ore perduti nel corriere della sera nel va e vieni di una cameriera ma perché ogni giorno viene sera a volte un uomo è da solo perché ha in testa strani tarli perché ha paura del sesso o per la smania di successo per scrivere il romanzo che ha di dentro perché la vita l'ha già messo al muro o perché in mondo falso è un un uomo vero dio delle città e dell'immensità se è vero che ci sei e hai viaggiato più di noi vediamo se si può imparare questa vita e magari un po' cambiarla prima che ci cambi lei vediamo se si può farci amare come siamo senza violentarci più con nevrosi e gelosie perché questa vita stende e chi è steso dorme o muore oppure fa l'amore ci sono uomini soli per la sete d'avventura perché han studiato da prete o per vent'anni di galera per madri che non li hanno mai svezzati per donne che li han rivoltati e persi o solo perché sono dei diversi dio delle città e dell'immensità se è vero che ci sei e hai viaggiato più di noi vediamo se si può imparare queste donne e cambiare un po' per loro e cambiarne un po' per noi ma dio delle città e dell'immensità magari tu ci sei e problemi non ne hai ma quaggiù non siamo in cielo e se un uomo perde il filo è soltanto un uomo solo	0	Festival di Sanremo: Tutte le canzoni vincitrici (All Winners)	https://mosaic.scdn.co/640/84dfa22bd88d33fcb4dbae6c7464ec3d3ed5e87db7dc55c8d03f0d69ac26609c205b314714dfd087e39a814b141f80791d27af68a41f8e4b6c84bdf4f18d8f92e925c89caacf65f51925c0a69412abb2	Uomini soli	6XpjIhIhIA5AGTyk06FNKU	Pooh	Uomini soli	https://i.scdn.co/image/3e7ed4b55cf03345c7a5eb9c6bf92716ea68d262	0	0.425	0.437	A	-12.198	minor	0.0341	0.618	0	0.135	0.162	72.105	243227	4	A minor
1991	Riccardo Cocciante	Se stiamo insieme	ma quante storie ho già vissuto nella vita e quante programmate chi lo sa sognando ad occhi aperti storie di fiumi di grandi praterie senza confini storie di deserti e quante volte ho visto dalla prua di una barca tra spruzzi e vento l'immensità del mare spandersi dentro e come una carezza calda illuminarmi il cuore e poi la neve bianca gli alberi gli abeti l'abbraccio del silenzio colmarmi tutti i sensi sentirsi solo e vivo tra le montagne grandi e i grandi spazi immensi e poi tornare qui riprendere la vita dei giorni uguale ai giorni discutere con te tagliarmi con il ghiaccio dei quotidiani inverni no non lo posso accettare non è la vita che avrei voluto mai desiderato vivere non è quel sogno che sognavamo insieme fa piangere eppure io non credo questa sia l'unica via per noi se stiamo insieme ci sarà un perché e vorrei riscoprirlo stasera se stiamo insieme qualche cosa c'è che ci unisce ancora stasera mi manchi sai mi manchi sai e poi tornare qui riprendere la vita che sembra senza vita discutere con te e consumar così i pochi istanti eterni no non lo posso accettare che vita è restare qui a logorarmi in discussioni sterili giocar con te a farsi male il giorno di notte poi rinchiudersi eppure io non credo questa sia l'unica via per noi se stiamo insieme ci sarà un perché e vorrei riscoprirlo stasera se stiamo insieme qualche cosa c'è che ci unisce ancora stasera mi manchi sai mi manchi sai	0	Festival di Sanremo: Tutte le canzoni vincitrici (All Winners)	https://mosaic.scdn.co/640/84dfa22bd88d33fcb4dbae6c7464ec3d3ed5e87db7dc55c8d03f0d69ac26609c205b314714dfd087e39a814b141f80791d27af68a41f8e4b6c84bdf4f18d8f92e925c89caacf65f51925c0a69412abb2	Se stiamo insieme	3V2TMVsl5LlDvEVff9hw31	Riccardo Cocciante	Tutti I Miei Sogni	https://i.scdn.co/image/90aa1b776e1860efab724ce57affa91cac1d0632	42	0.535	0.607	C#	-3.383	minor	0.0283	0.264	0	0.161	0.292	95.93	279973	4	C# minor
1992	Luca Barbarossa	Portami a ballare	portami a ballare portami a ballare uno di quei balli antichi che nessuno sa fare più sciogli i tuoi capelli lasciali volare lasciali girare forte intorno a noi lasciati guardare lasciati guardare sei così bella che non riesco più a parlare di fronte a quei tuoi occhi così dolci e così severi perfino il tempo si è fermato ad aspettare parlami di te di quello che facevi se era proprio questa la vita che volevi di come ti vestivi di come ti pettinavi se avevo un posto già in fondo ai tuoi pensieri dai mamma dai questa sera lasciamo qua i tuoi problemi e quei discorsi sulle rughe e sull'età dai mamma dai questa sera fuggiamo via è tanto che non stiamo insieme e non è certo colpa tua ma io ti sento sempre accanto anche quando non ci sono io ti porto ancora dentro anche adesso che sono un uomo e vorrei vorrei saperti più felice sì vorrei vorrei dirti molte più cose ma sai mamma sai questa vita mi fa tremare e sono sempre i sentimenti i primi a dover pagare ciao mamma ciao domani vado via ma se ti senti troppo sola allora ti porto via e vorrei vorrei saperti più felice sì vorrei vorrei dirti molte più cose portami a ballare portami a ballare uno di quei balli antichi che nessuno sa fare nessuno sa fare più	0	Festival di Sanremo: Tutte le canzoni vincitrici (All Winners)	https://mosaic.scdn.co/640/84dfa22bd88d33fcb4dbae6c7464ec3d3ed5e87db7dc55c8d03f0d69ac26609c205b314714dfd087e39a814b141f80791d27af68a41f8e4b6c84bdf4f18d8f92e925c89caacf65f51925c0a69412abb2	Portami a ballare	5DvPcu353BOXWUiG7yIIDq	Luca Barbarossa	Cuore D'Acciaio	https://i.scdn.co/image/37d00280f7a8ad4e694db2f91f7568be47e47867	12	0.543	0.27	G	-12.885	major	0.0408	0.867	0	0.106	0.291	139.676	225400	4	G major
1993	Enrico Ruggeri	Mistero	Con gli occhi bene aperti chiediamo un po' d'amore alla persona che vorremmo fare rimanere. E ci facciamo male se la pressione sale poche parole ci precipita il morale giù. Cos'è che ci trascina fuori dalla macchina? Cos'è che ci fa stare sotto ad un portone? Cosa ci prende, cosa si fa quando si ama davvero?  Mistero!  Il gioco si fa duro e non si può dormire e non sappiamo più decidere se ripartire. E batte forte il cuore, anche per lo stupore di non capire l'orizzonte che colore ha. Cos'è che ci cattura e tutto ci moltiplica? Cos'è che nella notte fa telefonare? Quando si chiede, quanto si da? Quando si ama davvero?  Mistero!  Abbiamo già rubato, abbiamo già pagato ma non sappiamo dire quello che sarebbe stato. Ma pace non abbiamo, nemmeno lo vogliamo; nemmeno il tempo di capire che ci siamo gia. Cos'è che ancora ci fa vivere le favole? Chi sono quelli della foto da tenere? Quando si chiede, quanto si da? Quando si ama davvero?  Mistero!  Sarai sincera? Dimmelo, dimmelo. Sarai sincero? Il breve mestiere di vivere è il solo mistero che c'è. Dipende solo da te; prendere la mano è facile. La verità che la vita ti dà è una fredda carezza nel silenzio che c'è.  Cos'è che ci trascina fuori dalla macchina? Cos'è che ci fa stare sotto ad un portone? Cosa ci prende, cosa si fa quando si ama davvero?  Mistero!  Quando si chiede, quando si dà? Quando si ama davvero?  Mistero! Mistero	0	Festival di Sanremo: Tutte le canzoni vincitrici (All Winners)	https://mosaic.scdn.co/640/84dfa22bd88d33fcb4dbae6c7464ec3d3ed5e87db7dc55c8d03f0d69ac26609c205b314714dfd087e39a814b141f80791d27af68a41f8e4b6c84bdf4f18d8f92e925c89caacf65f51925c0a69412abb2	Mistero	1xxmZO56xoHtjczSHsjOhW	Enrico Ruggeri	La Giostra Della Memoria	https://i.scdn.co/image/19ac13023335f5695396a45b9b39e54770e8bc9e	1	0.541	0.833	D	-6.309	major	0.0655	0.312	0	0.225	0.524	133.788	245e3	4	D major
1994	Aleandro Baldi	Passerà	Le canzoni non si scrivono ma nascono da sé son le cose che succedono ogni giorno intorno a noi le canzoni basta coglierle ce n'e' una anche per te che fai più fatica a vivere e non sorridi mai. le canzoni sono zingare e rubano poesie sono inganni come pillole della felicità le canzoni non guariscono amori e malattie ma quel piccolo dolore che l'esistere ci da' passerà, passerà se un ragazzo e una chitarra sono li come te, in città a guardare questa vita che non va che ci ammazza d'illusioni e con l'età delle canzoni passerà su di noi finiremo tutti in banca prima o poi coi perché, i chissà e le angosce di una ricca povertà a parlare degli amori che non hai a cantare una canzone che non sai come fa perché l'hai perduta dentro e ti ricordi solamente passerà ... in un mondo di automobili e di gran velocità per chi arriva sempre ultimo per chi si dice addio per chi sbatte negli ostacoli della diversità le canzoni sono lucciole che cantano nel buio passerà prima o poi questo piccolo dolore che c'e' in te che c'e' in me, che c'e' in noi e ci fa sentire come marinai in balia del vento e della nostalgia a cantare una canzone che non sai come fa ma quel piccolo dolore che sia odio, o che sia amore passerà passerà, passerà anche se farai soltanto la la la passerà, passerà e a qualcosa una canzone servirà se il tuo piccolo dolore che sia odio o che sia amore passerà.	1	Festival di Sanremo: Tutte le canzoni vincitrici (All Winners)	https://mosaic.scdn.co/640/84dfa22bd88d33fcb4dbae6c7464ec3d3ed5e87db7dc55c8d03f0d69ac26609c205b314714dfd087e39a814b141f80791d27af68a41f8e4b6c84bdf4f18d8f92e925c89caacf65f51925c0a69412abb2	Passerà	70MmyszwZV1tU7UKZXmaF1	Aleandro Baldi	Il meglio e il nuovo	https://i.scdn.co/image/f16a260f02b3bcf5aed42985e610a89ab697b96f	0	0.695	0.53	E	-7.238	major	0.0293	0.05	0	0.128	0.188	136.018	275487	4	E major
1995	Giorgia	Come saprei	come saprei capire l'uomo che sei come saprei scoprire poi le fantasie che vuoi io ci arriverei nel profondo dentro te nei silenzi tuoi emozionando sempre più come saprei stupire l'uomo che sei quando stai lì e non sai che voli prendere come saprei richiamare gli occhi tuoi incollarli ai miei emozionando sempre più nel mondo che solitudini ci dà perché non resti un po' con me come saprei amarti io nessuno saprebbe mai come saprei riuscirci io ancora non lo sai io ci metterò tutta l'anima che ho quanta vita sei da vivere adesso come saprei io vorrei che fosse già pelle il contatto che c'è io vorrei che fossero stelle ogni volta con te come saprei amarti io nessuno saprebbe mai come saprei riuscirci io ancora non lo sai io ci metterò tutta l'anima che ho quanta vita sei da vivere adesso come saprei quanto amore c'è pronto a scoppiare in me quanta vita sei da vivere adesso sì adesso come saprei	0	Festival di Sanremo: Tutte le canzoni vincitrici (All Winners)	https://mosaic.scdn.co/640/84dfa22bd88d33fcb4dbae6c7464ec3d3ed5e87db7dc55c8d03f0d69ac26609c205b314714dfd087e39a814b141f80791d27af68a41f8e4b6c84bdf4f18d8f92e925c89caacf65f51925c0a69412abb2	Come saprei	1mJQoOICr4UlV6nG3EI4NN	Giorgia	Come Thelma E Louise	https://i.scdn.co/image/6d19300932b1afa4e5ec7bd08406636f630c9270	42	0.44	0.453	E	-8.644	major	0.0352	0.369	0	0.207	0.135	135.996	300307	4	E major
1999	Anna Oxa	Senza pietà	non ci fermeranno le paludi o la neve la tua capitale oramai s'intravede giorno dopo giorno la tua vita cavalco sono il generale più crudele del fronte non faccio prigionieri e la mia spada è lucente terra dopo terra ogni tua fortezza io assalto ti troverò ti prenderò ti porterò per sempre con me ti stringerò conquisterò proteggerò e senza pietà io ti amerò con tutto questo amore mio e senza pietà diventerò una fonte nel deserto ti disseterò  le mie mani le tue mani in questa battaglia è un agguato a tradimento in questa boscaglia rotolare insieme lungo il fiume dei sentimenti ti troverò ti prenderò ti porterò per sempre con me ti stringerò ti conquisterò proteggerò e senza pietà io ti amerò con tutto questo amore mio e senza pietà diventerò una fonte nel deserto ti disseterò ponte non avere paura di me anche il buio più fondo può valere un azzardo quel brivido in più che sei tu senza pietà io ti amerò con tutto questo amore mio e senza pietà diventerò il tuo regno dolce sogno io ti vincerò io ti darò me stessa e questo cuore mio e senza pietà ti bagnerò le labbra con le labbra ti disseterò senza pietà	0	Festival di Sanremo: Tutte le canzoni vincitrici (All Winners)	https://mosaic.scdn.co/640/84dfa22bd88d33fcb4dbae6c7464ec3d3ed5e87db7dc55c8d03f0d69ac26609c205b314714dfd087e39a814b141f80791d27af68a41f8e4b6c84bdf4f18d8f92e925c89caacf65f51925c0a69412abb2	Senza pietà	5w3MrGXEz3aREGQTIBKeyo	Anna Oxa	Best of Anna Oxa	https://i.scdn.co/image/e29685b37b69abbfc1331c4660b77da92623e130	19	0.61	0.962	B	-2.365	major	0.0425	0.203	0	0.159	0.649	110.565	283107	4	B major
2000	Avion Travel	Sentimento	Sul mare luccica la luna in transito  biancheggia il corpo di una bestia acquamarina  ed è un incrocio tra il cielo e il fondo  cosa mai vista s'inabissa quando s'alza  maronna mia questo cos'è    Castellammare pesce non ce n'è   Sul mare luccica la nostra barca  tesa nel vento il suo nome è sentimento  stella d'argento sono contento  tu m'hai portato nella mano in cima al mondo  stiamo a vedere quando uscirà  con gli occhi cosa ci domanderà   na na na....   Sopra il mare non passa mai il tempo  tempo che non passa mai ci cercò ci trovò  ma noi chi siamo che ci facciamo  cosa vendiamo delle cose che più amiamo  e stare soli in mezzo al mare  con la paura ogni tanto di affogare   Diceva Ulisse chi m'o ffafà  la strana idea che c'ho di libertà   na na na....   Sopra il mare non passa mai il tempo  tempo che non passa mai ci cercò ci trovò	1	Festival di Sanremo: Tutte le canzoni vincitrici (All Winners)	https://mosaic.scdn.co/640/84dfa22bd88d33fcb4dbae6c7464ec3d3ed5e87db7dc55c8d03f0d69ac26609c205b314714dfd087e39a814b141f80791d27af68a41f8e4b6c84bdf4f18d8f92e925c89caacf65f51925c0a69412abb2	Sentimento	6zG6TbfzPDK2xRgS6MvH7J	Avion Travel	Selezione 1990-2000	https://i.scdn.co/image/4e7a2fd1223b6ac77deeae1fb25505e8d0c398c6	28	0.584	0.396	C	-9.763	major	0.0286	0.283	0	0.123	0.292	91.861	239493	4	C major
2005	Francesco Renga	Angelo	Notte fonda Senza luna E un silenzio che mi consuma Il tempo passa in fretta E tutto se ne va...   preda degli eventi e dell'età Ma questa paura per te non passa mai Angelo, prenditi cura di lei Lei non sa vedere al di la di quello che da E l'ingenuità è parte di lei... Che è parte di me Cosa resta Del dolore E di preghiere, se Dio non vuole? parole vane al vento Ti accorgi in un momento: Siamo soli... è questa la realta? Ed è una paura che... non passa mai Angelo, prenditi cura di lei Lei non sa vedere al di la di quello che da E tutto il dolore Che grida dal mondo Diventa un rumore Che scava, profondo... Nel silenzio di una lacrima Lei non sa vedere al di la di quello che da E L'ingenuità è parte di lei... Che è parte di me.	0	Festival di Sanremo: Tutte le canzoni vincitrici (All Winners)	https://mosaic.scdn.co/640/84dfa22bd88d33fcb4dbae6c7464ec3d3ed5e87db7dc55c8d03f0d69ac26609c205b314714dfd087e39a814b141f80791d27af68a41f8e4b6c84bdf4f18d8f92e925c89caacf65f51925c0a69412abb2	Angelo	4oRcqiKPIprx4EwOm5c9U6	Francesco Renga	Fermoimmagine	https://i.scdn.co/image/922548225b4ad7afd364b50abb4996012942fc1a	27	0.4	0.62	D#	-6.916	major	0.0284	0.417	0	0.112	0.181	81.95	204760	4	D# major
2009	Marco Carta	La forza mia	aprire gli occhi e ritrovarti qui e' come aprire una finestra al sole e' l'emozione del salto nel vuoto che mi porta da te aprire gli occhi e ritrovarti qui e' risvegliarsi mani nelle mani e' un bacio ad acqua salata che ancora più sete di te mi da quando tutto sembrava ormai spento nel mio mondo cercavo te quando tutto sembrava finito guardando il fondo invece ho sentito che tu sarai la forza mia la mia strada il mio domani il mio sole la pioggia il fuoco e l'acqua dove io mi tufferò tu sarai la forza mia il mio gancio in mezzo al cielo il colpo al cuore all'improvviso dentro me dentro me aprire gli occhi e ritrovarti qui lasciarsi andare sotto il temporale sentire come mi manca il respiro se i tuoi occhi accendono i miei quando tutto sembrava ormai spento nel mio mondo volevo te quando tutto sembrava sbiadito toccando il fondo invece ho sentito che tu sarai la forza mia la mia strada il mio domani il mio sole e la pioggia il fuoco e la goccia dove io mi tufferò tu sarai la forza mia il mio gancio in mezzo al cielo il colpo al cuore il paradiso dentro me il mio gancio in mezzo al cielo il colpo al cuore il paradiso dentro me dentro me tu sarai la forza mia tu sarai la forza mia tu sarai la forza mia tu sarai la forza mia dentro me dentro me	0	Festival di Sanremo: Tutte le canzoni vincitrici (All Winners)	https://mosaic.scdn.co/640/84dfa22bd88d33fcb4dbae6c7464ec3d3ed5e87db7dc55c8d03f0d69ac26609c205b314714dfd087e39a814b141f80791d27af68a41f8e4b6c84bdf4f18d8f92e925c89caacf65f51925c0a69412abb2	La forza mia	7BWvUqHLziROVeKttUQVfT	Marco Carta	La forza mia	https://i.scdn.co/image/d69d494e500eaac05d37210677322f7b8fd251ae	39	0.582	0.729	C#	-4.417	major	0.034	0.046	0	0.0847	0.474	120.97	227840	4	C# major
2014	Arisa	Controvento	io non credo nei miracoli meglio che ti liberi meglio che ti guardi dentro questa vita lascia i lividi questa mette i brividi certe volte è più un combattimento c'è quel vuoto che non sai che poi non dici mai che brucia nelle vene come se il mondo è contro te e tu non sai il perché lo so me lo ricordo bene io sono qui per ascoltare un sogno non parlerò se non ne avrai bisogno ma ci sarò perché così mi sento accanto a te viaggiando controvento risolverò magari poco o niente ma ci sarò e questo è l'importante acqua sarò che spegnerà un momento accanto a te viaggiando controvento tanto il tempo solo lui lo sa quando e come finirà la tua sofferenza e il tuo lamento c'è quel vuoto che non sai che poi non dici mai che brucia nelle vene come se il mondo è contro te e tu non sai il perché lo so me lo ricordo bene io sono qui per ascoltare un sogno non parlerò se non ne avrai bisogno ma ci sarò perché cosi mi sento accanto a te viaggiando controvento risolverò magari poco o niente ma ci sarò e questo è l'importante acqua sarò che spegnerà un momento accanto a te viaggiando controvento viaggiando controvento viaggiando controvento acqua sarò che spegnerà un momento accanto a te viaggiando controvento	1	Festival di Sanremo: Tutte le canzoni vincitrici (All Winners)	https://mosaic.scdn.co/640/84dfa22bd88d33fcb4dbae6c7464ec3d3ed5e87db7dc55c8d03f0d69ac26609c205b314714dfd087e39a814b141f80791d27af68a41f8e4b6c84bdf4f18d8f92e925c89caacf65f51925c0a69412abb2	Controvento	00JbznfNVCiSSqLXI7wd5B	Arisa	Se vedo te	https://i.scdn.co/image/8107eb090b8f6e882341d95771c48445901118a9	45	0.703	0.555	C#	-6.173	major	0.0284	0.508	0	0.134	0.327	95.01	219200	4	C# major
1953	Carla Boni, Flo Sandon’s	Viale d’autunno	lungo un viale ingiallito d'autunno tristemente m' hai detto: è finita è finito l'amor più vero il più puro il più splendido amor ma una lacrima bagna il tuo viso quella lacrima dice al mio cuor: non potrò lasciarti più mai più mai più perché nel mio destino ci sei tu non ci lasceremo mai lo sai lo sai se pure lo vorrai non potrai mai più tutta una vita di dolcezze di tenerezze non può svanir i lunghi baci e le carezze le dolci ebbrezze non san mentir lasciam parlare il cuor che vive in ansietà che trema di timor e vuole questo amor o ne morirà non potrò lasciarti più mai più mai più la gioia ed il dolore sei tu in questo viale senza sole	1	Festival di Sanremo: Tutte le canzoni vincitrici (All Winners)	https://mosaic.scdn.co/640/84dfa22bd88d33fcb4dbae6c7464ec3d3ed5e87db7dc55c8d03f0d69ac26609c205b314714dfd087e39a814b141f80791d27af68a41f8e4b6c84bdf4f18d8f92e925c89caacf65f51925c0a69412abb2	Viale d'autunno	6jxjWXitoTuVsOf7hhkHnx	Flo Sandon's	Flo Sandon's Collection	https://i.scdn.co/image/e39a814b141f80791d27af68a41f8e4b6c84bdf4	0	0.425	0.0763	C	-14.565	minor	0.0436	0.944	0	0.213	0.238	109.031	225628	4	C minor
1958	Domenico Modugno, Johnny Dorelli	Nel blu dipinto di blu	volare oh oh cantare oh oh oh oh let's fly way up to the cloud away from the maddening crowd we can sing in the glow of a star that i know of whew lovers enjoy peace of mind let us leave the confusion and all disillusion behind just like birds of a feather a rainbow together we'll find volare oh oh cantare oh oh oh oh no wonder my happy heart sings your love has given me wings sometimes the world is a valley of heartaches and tears and in the hustle and bustle no sunshine appears but you and i have our love always there to remind us there is a way we can leave all the shadows behind us volare oh oh volare oh volare oh oh cantare cantare oh oh oh oh oh cantare oh oh no wonder my happy heart sings your love has given me wings no wonder my happy heart sings your love has given me wings my happy heart sings volare oh oh	0	Festival di Sanremo: Tutte le canzoni vincitrici (All Winners)	https://mosaic.scdn.co/640/84dfa22bd88d33fcb4dbae6c7464ec3d3ed5e87db7dc55c8d03f0d69ac26609c205b314714dfd087e39a814b141f80791d27af68a41f8e4b6c84bdf4f18d8f92e925c89caacf65f51925c0a69412abb2	Nel blu dipinto di blu - Volare	0VQ3MYFzlP7v9MW0nfDqEO	Johnny Dorelli	Il festival di Sanremo: Charts 1958	https://i.scdn.co/image/d267be1f828150125e5644cd52aa75c57ed87a1f	0	0.457	0.141	A#	-17.381	major	0.0522	0.983	5.64e-4	0.162	0.413	122.125	187773	4	A# major
1962	Domenico Modugno, Claudio Villa	Addio… addio	I miei sorrisi e i tuoi si sono spenti noi camminiamo insieme e siamo soli ci restano soltanto lunghi silenzi che vogliono dire... addio... addio... il nostro amore acqua di mare e' diventata sale le nostre labbra inaridite non hanno piu' parole guardami... guardami lo sai che non è vero non è vero ch'e' finito il nostro amore addio addio addio addio guardami... guardami ascoltami fermati non è vero perché tu stai piangendo perché noi lo sappiamo che ci vogliamo bene che ci vogliamo bene e ci lasciamo addio addio addio addiooooo	0	Festival di Sanremo: Tutte le canzoni vincitrici (All Winners)	https://mosaic.scdn.co/640/84dfa22bd88d33fcb4dbae6c7464ec3d3ed5e87db7dc55c8d03f0d69ac26609c205b314714dfd087e39a814b141f80791d27af68a41f8e4b6c84bdf4f18d8f92e925c89caacf65f51925c0a69412abb2	Addio...addio	1YG0S83N2nnx3OHJ1xawKS	Claudio Villa	Claudio Villa ed i suoi più grandi successi (78 canzoni)	https://i.scdn.co/image/7bae70f82a5c92e47632f99dfe59aa1bb2b831db	5	0.319	0.169	D	-10.671	minor	0.03	0.986	2e-5	0.0901	0.102	70.635	250840	4	D minor
1966	Domenico Modugno, Gigliola Cinquetti	Dio come ti amo	nel cielo passano le nuvole che vanno verso il mare sembrano fazzoletti bianchi che salutano il nostro amore dio come ti amo non e possibile avere tra le braccia tanta felicita' baciare le tue labbra che odorano di vento noi due innamorati come nessuno al mondo dio come ti amo mi vien da piangere in tutta la mia vita non ho provato mai un bene cosi' caro un bene cosi' vero chi puo' fermare il fiume che corre verso il mare le rondini nel cielo che vanno verso il sole chi puo fermar l'amore l'amore mio per te dio come ti amo dio come ti amo dio come ti amo dio come ti amo	0.5	Festival di Sanremo: Tutte le canzoni vincitrici (All Winners)	https://mosaic.scdn.co/640/84dfa22bd88d33fcb4dbae6c7464ec3d3ed5e87db7dc55c8d03f0d69ac26609c205b314714dfd087e39a814b141f80791d27af68a41f8e4b6c84bdf4f18d8f92e925c89caacf65f51925c0a69412abb2	Dio, Come Ti Amo	4YN1yE15DfJpOEtIO2uUI4	Gigliola Cinquetti	La Regina Di San Remo	https://i.scdn.co/image/8e77ca1d756a472928a2e64f3e1bd5c601a00165	35	0.364	0.288	F	-7.61	minor	0.0295	0.85	5.56e-6	0.361	0.143	95.439	198160	4	F minor
1972	Nicola Di Bari	I giorni dell’arcobaleno	erano i giorni dell'arcobaleno finito l'inverno tornava il sereno e tu con negli occhi la luna e le stelle sentivi una mano sfiorare la tua pelle e mentre impazzivi al profumo dei fiori la notte si accese di mille colori distesa sull'erba come una che sogna giacesti bambina ti alzasti già donna tu adesso ti vedi grande di più sei diventata più forte e sicura e iniziata la avventura ormai sono bambine le amiche di prima che si ritrovano in gruppo a giocare e sognano ancora su un raggio di luna vivi la vita di donna importante perché a sedici anni ai già avuto un amante ma un giorno saprai che ogni donna è matura all'epoca giusta e con giusta misura e in questa tua corsa incontro all'amore ti lasci alle spalle il tempo migliore erano i giorni dell'arcobaleno finito l'inverno tornava il sereno	0	Festival di Sanremo: Tutte le canzoni vincitrici (All Winners)	https://mosaic.scdn.co/640/84dfa22bd88d33fcb4dbae6c7464ec3d3ed5e87db7dc55c8d03f0d69ac26609c205b314714dfd087e39a814b141f80791d27af68a41f8e4b6c84bdf4f18d8f92e925c89caacf65f51925c0a69412abb2	I Giorni Del Arcobaleno (Los Dias Del Arcoiris)	0oNTJpKhjSGg4XCmaZtrRl	Nicola Di Bari	Serie Platino	https://i.scdn.co/image/9643dd78a32adedcd9ab2e313335cc70b9ab12a6	9	0.472	0.218	C#	-13.678	major	0.0323	0.617	1.67e-4	0.221	0.246	93.888	181667	4	C# major
1973	Peppino Di Capri	Un grande amore e niente più	io lontano da te pescatore lontano dal mare io chiedo da bere a una fonte asciugata dal sole solitudine e malinconia i soprammobili di casa mia qualche libro una poesia e sul piano una fotografia io e te un grande amore e niente più io e te le nostre corse fin laggiù là dove c'e la capanna scoperta da noi dove tu mi dicesti vorrei amore vorrei stasera vorrei notti notti d'amore nel silenzio il tuo nome il mio nome ma non risale l'acqua nel fiume nemmeno il tuo amore ritorna da me solitudine e malinconia in ogni angolo in ogni via ti rimprovero una sola cosa che potevi almeno dirmi scusa io e te un grande amore e niente più io e te le nostre corse fin laggiù là dove c'è la capanna scoperta da noi dove tu mi dicesti vorrei amore vorrei stasera vorrei io e te	0	Festival di Sanremo: Tutte le canzoni vincitrici (All Winners)	https://mosaic.scdn.co/640/84dfa22bd88d33fcb4dbae6c7464ec3d3ed5e87db7dc55c8d03f0d69ac26609c205b314714dfd087e39a814b141f80791d27af68a41f8e4b6c84bdf4f18d8f92e925c89caacf65f51925c0a69412abb2	Un Grande Amore E Niente Più	23jtJJJHw9lJecTueJzWqm	Peppino Di Capri	Collection - Se Non E' Amore	https://i.scdn.co/image/7b5aa41f7bd9e500562dfa893e37513cc1f2f3e7	3	0.504	0.445	E	-11.479	minor	0.0274	0.543	0	0.186	0.325	108.621	193573	4	E minor
1974	Iva Zanicchi	Ciao cara come stai?	Insieme agli altri lui perde sempre ha perso anche con lei Ladro e poeta ah ah anche in amore lui no non cambia ma-a-a-ai Quando la sera tornava a casa sconfitto più che mai lei lo guardava ah ah lui non capiva pagava solo lei Ciao cara come stai? Lei non risponde più Ciao cara come stai? Lei non lo guarda più muore la speranza è vuota la sua stanza Ciao cara come stai? Non gli ha creduto più Ora sei vinto tu sarai solo quando ti pentirai l'ultimo sbaglio oh oh piega l'orgoglio ma è troppo tardi orma-a-a-ai Senza ragione senza rancore cede al destino lui ed ogni sera ah ah tornando a casa parla a una sedia ormai Ciao cara come stai? Lei non risponde più Ciao cara come stai? Lei non lo guarda più Muore la speranza è vuota la sua stanza Ciao cara come stai? Non gli ha creduto più Ciao cara come stai? Lei non risponde più Ciao cara come stai? Lei non lo guarda più Muore la speranza è vuota la sua stanza Ciao cara come stai? Non gli ha creduto... più	1	Festival di Sanremo: Tutte le canzoni vincitrici (All Winners)	https://mosaic.scdn.co/640/84dfa22bd88d33fcb4dbae6c7464ec3d3ed5e87db7dc55c8d03f0d69ac26609c205b314714dfd087e39a814b141f80791d27af68a41f8e4b6c84bdf4f18d8f92e925c89caacf65f51925c0a69412abb2	Ciao cara come stai	6HbX7iRGsPrPhitaPJJzmP	Iva Zanicchi	Italian Classics: Iva Zanicchi Collection, Vol. 2	https://i.scdn.co/image/f688f6006c3c79153c7fc8a13383d3b996ce16dd	7	0.357	0.39	F#	-6.658	minor	0.0279	0.645	0	0.0762	0.487	95.744	236907	4	F# minor
1978	Matia Bazar	…e dirsi ciao!	se il sole da lassu' di colpo tinge il blu di buio e se ne va e se il mare azzurro ritmo non ha piu' e onda dopo onda rubera' la spiaggia della mia felicita' e poi se il vento che cantava insieme a noi stonate queste note soffiera' vuol dire separarci e dirsi ciao ma se l'alba spunta e poi anticipando in noi il giorno che verra' e se una rondine dispersa il sole avra' la forza della sua comunita' per continuare il viaggio fino al sud e poi se il fuoco del camino brillera' per sempre con amore e senza eta' vuol dire ritrovarsi e dirsi ciao	0.6666666666666666	Festival di Sanremo: Tutte le canzoni vincitrici (All Winners)	https://mosaic.scdn.co/640/84dfa22bd88d33fcb4dbae6c7464ec3d3ed5e87db7dc55c8d03f0d69ac26609c205b314714dfd087e39a814b141f80791d27af68a41f8e4b6c84bdf4f18d8f92e925c89caacf65f51925c0a69412abb2	E dirsi ciao - 2011 - Remaster;	1WDq68GSnceTftxZRfdz7n	Matia Bazar	Fantasia: Best & rarities	https://i.scdn.co/image/b2724bc153405bff84310660930310caf48d9b09	10	0.452	0.466	E	-8.596	major	0.0522	0.561	0.00129	0.122	0.402	118.668	286827	4	E major
1985	Ricchi e Poveri	Se m’innamoro	In questo inverno sotto zero  Come un film in bianco e nero  Se mi innamoro  Metto il maglione e vado fuori  Col pennello e coi colori  E lo coloro  E poi ti porto dove vuoi tu  Un po' più in alto un po' più su  Dove nessuno ci troverà  Su nell'immensità  Se mi innamoro devo fare  Qualche cosa di speciale Pensando a te aprire il cielo per scoprire  Dove il sole va a dormire e darlo a te  E voglio dire a chi non lo sa  Che so cos'è la felicità  Se m'innamoro ma poi perché   Continuo a dire se  Se m'innamoro, se m'innamoro  Se m'innamoro sarà di te  E canterò come canti tu  E ti darò qualche cosa in più  Se mi innamoro dentro di me  Darò la colpa a te  Ma guarda il mondo come è strano  Si stupisce se ti dico che ti amo  Ma se ci togli anche l'amore  Dopo averci tolto tutto, dove andiamo?  L'amore viene l'amore va  Senza l'amore come si fa  Ma se hai paura fai come me  Metti davanti un se  Se mi innamoro se mi innamoro  Se mi innamoro sarà di te	0.5	Festival di Sanremo: Tutte le canzoni vincitrici (All Winners)	https://mosaic.scdn.co/640/84dfa22bd88d33fcb4dbae6c7464ec3d3ed5e87db7dc55c8d03f0d69ac26609c205b314714dfd087e39a814b141f80791d27af68a41f8e4b6c84bdf4f18d8f92e925c89caacf65f51925c0a69412abb2	Se m'innamoro	6Pm5m45fMlLOJ8pKBHKzSc	Ricchi E Poveri	Greatest Hits	https://i.scdn.co/image/f7ab9fe39aeea6e92992814e7550a85ff3276561	27	0.776	0.537	B	-11.703	minor	0.031	0.145	5.76e-6	0.0887	0.677	111.975	204707	4	B minor
1988	Massimo Ranieri	Perdere l’amore	e adesso andate via voglio restare solo con la malinconia volare nel suo cielo non chiesi mai chi eri perchè scegliesti me me che fino ad ieri credevo fossi un re perdere l'amore quando si fa sera quando tra i capelli un pò d'argento li colora rischi di impazzire può scoppiarti il cuore perdere una donna e avere voglia di morire lasciami gridare rinnegare il cielo prendere a sassate tutti i sogni ancora in volo li farò cadere ad uno ad uno spezzerò le ali del destino e ti avrò vicino comunque ti capisco e ammetto che sbagliavo facevo le tue scelte chissà che pretendevo e adesso che rimane di tutto il tempo insieme un uomo troppo solo che ancora ti vuol bene perdere l'amore quando si fa sera quando sopra al viso c'è una ruga che non c'era provi a ragionare fai l'indifferente fino a che ti accorgi che non sei servito a niente e vorresti urlare soffocare il cielo sbattere la testa mille volte contro il muro respirare forte il suo cuscino dire è tutta colpa del destino se non ti ho vicino perdere l'amore maledetta sera e raccogli i cocci di una vita immaginaria pensi che domani è un giorno nuovo ma ripeti non me l'aspettavo non me l'aspettavo prendere a sassate tutti i sogni ancora in volo li farò cadere ad uno ad uno spezzerò le ali del destino e ti avrò vicino perdere l'amore	0.5	Festival di Sanremo: Tutte le canzoni vincitrici (All Winners)	https://mosaic.scdn.co/640/84dfa22bd88d33fcb4dbae6c7464ec3d3ed5e87db7dc55c8d03f0d69ac26609c205b314714dfd087e39a814b141f80791d27af68a41f8e4b6c84bdf4f18d8f92e925c89caacf65f51925c0a69412abb2	Perdere L'amore	2xgQvq4WuBX9DLmPkeBQ3M	Massimo Ranieri	I Successi Di Massimo Ranieri	https://i.scdn.co/image/ece19eb4349dc27ae1450b8d9c8f98e74d2c258f	31	0.394	0.533	E	-9.648	major	0.0393	0.474	1.42e-6	0.19	0.422	134.955	251533	4	E major
1997	Jalisse	Fiumi di parole	ah ah ah ah ah ah ah ah ah ah ah ah  Mi aspetto mille scuse  come sempre da te  sei un fiume di parole  dove anneghi anche me  che bravo che sei  ma questo linguaggio da talk show  cosa centra con noi.  Provo l'unico rimedio  che adotto da un po'  la mia testa chiude l'audio  la storia la so.  Sei fatto così  dovrei limitarmi oramai  a dirti di sì  Fiumi di parole  fiumi di parole tra noi  prima o poi ci portano via  ti darò il mio cuore  ti darò il mio cuore se vuoi  se puoi ora parla con lui  ora parla con lui.  Tu che gridi in un dialetto  che non piu' è il mio  io che perdo il tuo rispetto  sarebbe meglio un addio  è come in un film   il classico film dove lei  farà la pazzia  Fiumi di parole  fiumi di parole tra noi  prima o poi ci portano via  ti darò il mio cuore  ti darò il mio cuore se vuoi  se puoi ora parla con lui  Vorrei fermare un'immagine  sentirla entrare dentro di me  un tuo silenzio più complice  vorrei.  Fiumi di parole, fiumi di parole  prima o poi ci portano via  ti darò il mio cuore  ti darò il mio cuore se vuoi  se puoi ora parla con lui  Fiumi di parole  fiumi di parole tra noi  prima o poi ci portano via  ti darò il mio cuore  ti darò il mio cuore se vuoi  se puoi ora parla con lui  ora parla con lui  ah ah ah ah  Fiumi di parole  fiumi di parole tra noi  prima o poi ci portano via  Fiumi di parole	1	Festival di Sanremo: Tutte le canzoni vincitrici (All Winners)	https://mosaic.scdn.co/640/84dfa22bd88d33fcb4dbae6c7464ec3d3ed5e87db7dc55c8d03f0d69ac26609c205b314714dfd087e39a814b141f80791d27af68a41f8e4b6c84bdf4f18d8f92e925c89caacf65f51925c0a69412abb2	Fiumi Di Parole	5ZS9fcqcYtfL80rj1bf7Lb	Jalisse	Siedi E Ascolta	https://i.scdn.co/image/7b05b805de17c9300f5cb1f60dc1987f7e16b265	33	0.532	0.751	E	-7.242	minor	0.0458	0.461	0	0.0827	0.737	179.98	231733	4	E minor
1998	Annalisa Minetti	Senza te o con te	"Cerco sulla radio  la mia ""onda del cuore""  gioco col mio gatto  per sentire rumore  sono solo attimi...    Proprio difficili  Sola in questa stanza  grigia senza colori  laura sta cantando  storie di strani amori  sono solo attimi  proprio difficili  Ti cerco nei miei  mille pensieri  Ricordi com'eri  ti perdo  e non ti ho avuto mai  Senza te  Sento che  la mia vita  è difficile ma  non è finita  in salita lo so  penso che ce la farò  senza te  o con te  io volerò  senza te  sento che  la mia vita  è difficile ma  non è finita  qualche cosa farò  anche se poi sbaglierò  senza te  io volerò  Poi mi viene in mente  una fotografia  immagini sbiadite  della nostra allegria  sono solo attimi...  proprio difficili  Ti cerco nei miei mille pensieri  ricordi com'eri  ti perdo e non ti ho avuto mai  Senza te sento che  la mia vita  è difficile ma  non è finita  in salita lo so  penso che ce la farò  senza te o con te  io volerò  Qualche cosa farò  anche se poi sbaglierò  senza te o con te  io volerò  senza te... o con te"	1	Festival di Sanremo: Tutte le canzoni vincitrici (All Winners)	https://mosaic.scdn.co/640/84dfa22bd88d33fcb4dbae6c7464ec3d3ed5e87db7dc55c8d03f0d69ac26609c205b314714dfd087e39a814b141f80791d27af68a41f8e4b6c84bdf4f18d8f92e925c89caacf65f51925c0a69412abb2	Senza Te o con Te - Sanremo 1998	0R7PN6VlpaGnR59etZe1XH	Annalisa Minetti	Questo Piccolo Grande Amore	https://i.scdn.co/image/59fad2e53526a58b8083250af744c2342bc6789a	0	0.59	0.447	B	-7.092	major	0.0266	0.406	1.3e-6	0.102	0.198	74.979	253880	4	B major
2003	Alexia	Per dire di no	non è l'amore né la poesia che dà l'impulso qui nell'anima forse è il colore si di questi occhi tuoi che trafiggono il blu le incertezze e poi le illusioni che teniamo giù dentro di noi no non è un cielo di nostalgia che offusca il sole in te vulnerabile disarmato si e fragile perchè hai bisogno di me una volta in più non lo ammetti mai o non lo vuoi spiegare tu no non è un gioco della fantasia che ti ha portato qui domenica diventa musica la solitudine oh no e disperdo nel blu l'inquietudine le parole che non sento più dentro di noi per dire di no per dire vai via per dire dai resta qui va bene così per dire di no per dire vai via per dire dai resta qui va bene così non è l'amore mai nè la poesia che dà impulso qui nell'anima	1	Festival di Sanremo: Tutte le canzoni vincitrici (All Winners)	https://mosaic.scdn.co/640/84dfa22bd88d33fcb4dbae6c7464ec3d3ed5e87db7dc55c8d03f0d69ac26609c205b314714dfd087e39a814b141f80791d27af68a41f8e4b6c84bdf4f18d8f92e925c89caacf65f51925c0a69412abb2	Luce (Tramonti a Nord Est)	09g4hFrDdBK3J52I3InPgl	Elisa	Asile's World	https://i.scdn.co/image/5d09f29cc65214e566fbb76a9047f21f86d25506	44	0.645	0.626	F	-5.582	major	0.0788	0.268	0	0.0716	0.463	89.056	264533	4	F major
2002	Matia Bazar	Messaggio d’amore	voglio darti un messaggio d'amore di poche parole il segreto nascosto di un cuore un cuore che sa ho capito che forse l'errore non sei stato tu e con tutta la forza che ho dentro ti voglio di più ho ascoltato il rumore e il silenzio parlare nel tempo ho sognato il tuo viso i tuoi occhi sorridermi un po' quanta nostalgia tu mai non ti ho avuto mai in fondo mai dolce amore mio sensibile credimi mai non ti ho avuto mai che male fa non sentirti più sia quel che sia questo messaggio d'amore per te se ho posato le mani su sguardi bruciati dal mare e ho scalato le dune del cuore più alte di me se ho vissuto le notti sprecando la mia fantasia è perché ero sola confusa smarrita io mai non ti ho avuto mai in fondo mai dolce amore mio sensibile credimi mai proprio mai non ti ho avuto mai anima mia sai che ci sarò porta con te questo messaggio d'amore mai non ti ho avuto mai mai proprio mai non ti ho avuto mai in fondo mai dolce amore mio lascia che sia solo un messaggio d'amore un messaggio d'amore dovunque andrai sempre dovunque andrai	0.6666666666666666	Festival di Sanremo: Tutte le canzoni vincitrici (All Winners)	https://mosaic.scdn.co/640/84dfa22bd88d33fcb4dbae6c7464ec3d3ed5e87db7dc55c8d03f0d69ac26609c205b314714dfd087e39a814b141f80791d27af68a41f8e4b6c84bdf4f18d8f92e925c89caacf65f51925c0a69412abb2	Messaggio D'Amore	157ZzylmZsjQWXm8TSDkWL	Matia Bazar	Messaggi Dal Vivo	https://i.scdn.co/image/e39463d59eb94fa7b135e38cb6dc524841cc5b19	0	0.734	0.512	B	-7.695	major	0.0289	0.154	0	0.107	0.648	116.47	247533	4	B major
2004	Marco Masini	L’uomo volante	se ti avessi lo sai capirei la mia vita scoprendo dentro di me con il senno di poi che ogni scelta sbagliata mi conduceva da te così mi immagino già il tuo sorriso e vedo accendersi noi allo stadio in un bar in un gesto affettuoso che non ci capita mai vorrei regalarti un cielo d'agosto che fa da cornice a una stella che va un sole nascosto che nasce da dentro e disegna il confine della tua libertà quel suono leggero di un nome importante le ali di un uomo volante per non nasconderti mai dentro ai rimproveri miei e se tu fossi qui avrei anche il coraggio d'innamorarmi di te per parlarti così come infatti già faccio anche se non mi ascolterai però saresti il mio unico orgoglio la rondine che torna da sé vorrei regalarti un mondo diverso che ha fatto la pace con la sua crudeltà quel giusto rimorso che nasce sbagliando e conferma la forza di ogni fragilità l'anarchico istinto di un cuore migrante le ali di un uomo volante per arrivare più su e cercare la tua margherita di questa piccola vita dove più vero sei tu evitando ogni strada sbagliata io vorrei regalarti l'infinito che dà quel tenero abbraccio di un padre sognante che come un uomo volante anche se tu non verrai saprà nel cuore chi sei io questo spero e vorrei	0	Festival di Sanremo: Tutte le canzoni vincitrici (All Winners)	https://mosaic.scdn.co/640/84dfa22bd88d33fcb4dbae6c7464ec3d3ed5e87db7dc55c8d03f0d69ac26609c205b314714dfd087e39a814b141f80791d27af68a41f8e4b6c84bdf4f18d8f92e925c89caacf65f51925c0a69412abb2	L'Uomo Volante	5qdeseBpU31NBAlySaaRMk	Marco Masini	Masini	https://i.scdn.co/image/39116a83fa010d0fd2cdc54cec9defd85be6f865	0	0.534	0.641	A	-5.565	major	0.0255	0.459	0	0.318	0.325	87.13	235493	4	A major
2006	Povia	Vorrei avere il becco	"vorrei avere il becco per accontentarmi delle briciole concentrato e molto attento si ma con la testa fra le nuvole capire i sentimenti quando nascono e quando muoiono perciò vorrei avere i sensi per sentire il pericolo se tutti quanti lo sanno ma hanno paura che l'amore è un inganno oh ce l'ha fatta mia nonna per anni con mio nonno in campagna più o meno come fa un piccione lo so che e brutto il paragone però vivrei con l'emozione di dare fiducia a chi mi tira il pane più o meno come fa un piccione l'amore sopra il cornicione ti starei vicino nei momenti di crisi e lontano quando me lo chiedi dimmi che ci credi e che ti fidi un giorno avevo il vento che mi accompagnava su una tegola a volte sono solo e mi spavento cosa cì fanno due piccioni in una favola se tutti quanti lo sanno ma hanno paura che l'amore è un inganno oh me l'ha detto mia nonna "" lo sai quante volte non pensavo a tuo nonno"" più o meno come fa un piccione e mica come le persone che a causa dei particolari mandano per aria sogni e grandi amori camminerò come un piccione a piedi nudi sull'asfalto chi guida crede che mi mette sotto ma io con un salto all'ultimo momento volerò ma non troppo in alto perché il segreto è volare basso e un piccione vola basso ma è per questo che ti fa un dispetto ma è per questo che anche io non lo sopporto noi però alla fine resteremo insieme più o meno come fa un piccione l'amore sopra il cornicione ti starò vicino nei momenti di crisi e lontano quando me lo chiedi dimmi che ci credi ci sveglieremo la mattina due cuori sotto una campana"	0	Festival di Sanremo: Tutte le canzoni vincitrici (All Winners)	https://mosaic.scdn.co/640/84dfa22bd88d33fcb4dbae6c7464ec3d3ed5e87db7dc55c8d03f0d69ac26609c205b314714dfd087e39a814b141f80791d27af68a41f8e4b6c84bdf4f18d8f92e925c89caacf65f51925c0a69412abb2	Vorrei Avere Il Becco	7gHSbG6fFD8tuMoAWNWqoI	Povia	"I Bambini Fanno ""Ooh…"" La Storia Continua"	https://i.scdn.co/image/361fd6e024d591e49e05f44ee3dc46f4865203ca	0	0.64	0.692	B	-5.997	major	0.0403	0.577	0	0.236	0.756	151.965	178733	4	B major
2007	Simone Cristicchi	Ti regalerò una rosa	ti regalerò una rosa una rosa rossa per dipingere ogni cosa una rosa per ogni tua lacrima da consolare e una rosa per poterti amare ti regalerò una rosa una rosa bianca come fossi la mia sposa una rosa bianca che ti serva per dimenticare ogni piccolo dolore mi chiamo antonio e sono matto sono nato nel ' e vivo qui da quando ero bambino credevo di parlare col demonio così mi hanno chiuso quarant'anni dentro a un manicomio ti scrivo questa lettera perché non so parlare perdona la calligrafia da prima elementare e mi stupisco se provo ancora un'emozione ma la colpa è della mano che non smette di tremare io sono come un pianoforte con un tasto rotto l'accordo dissonante di un'orchestra di ubriachi e giorno e notte si assomigliano nella poca luce che trafigge i vetri opachi me la faccio ancora sotto perché ho paura per la società dei sani siamo sempre stati spazzatura puzza di piscio e segatura questa è malattia mentale e non esiste cura ti regalerò una rosa una rosa rossa per dipingere ogni cosa una rosa per ogni tua lacrima da consolare e una rosa per poterti amare ti regalerò una rosa una rosa bianca come fossi la mia sposa una rosa bianca che ti serva per dimenticare ogni piccolo dolore i matti sono punti di domanda senza frase migliaia di astronavi che non tornano alla base sono dei pupazzi stesi ad asciugare al sole i matti sono apostoli di un dio che non li vuole mi fabbrico la neve col polistirolo la mia patologia è che son rimasto solo ora prendete un telescopio… misurate le distanze e guardate tra me e voi… chi è più pericoloso dentro ai padiglioni ci amavamo di nascosto ritagliando un angolo che fosse solo il nostro ricordo i pochi istanti in cui ci sentivamo vivi non come le cartelle cliniche stipate negli archivi dei miei ricordi sarai l'ultimo a sfumare eri come un angelo legato ad un termosifone nonostante tutto io ti aspetto ancora e se chiudo gli occhi sento la tua mano che mi sfiora ti regalerò una rosa una rosa rossa per dipingere ogni cosa una rosa per ogni tua lacrima da consolare e una rosa per poterti amare ti regalerò una rosa una rosa bianca come fossi la mia sposa una rosa bianca che ti serva per dimenticare ogni piccolo dolore mi chiamo antonio e sto sul tetto cara margherita son vent'anni che ti aspetto i matti siamo noi quando nessuno ci capisce quando pure il tuo migliore amico ti tradisce ti lascio questa lettera adesso devo andare perdona la calligrafia da prima elementare e ti stupisci che io provi ancora un'emozione sorprenditi di nuovo perché antonio sa volare	0	Festival di Sanremo: Tutte le canzoni vincitrici (All Winners)	https://mosaic.scdn.co/640/84dfa22bd88d33fcb4dbae6c7464ec3d3ed5e87db7dc55c8d03f0d69ac26609c205b314714dfd087e39a814b141f80791d27af68a41f8e4b6c84bdf4f18d8f92e925c89caacf65f51925c0a69412abb2	Ti Regalero' Una Rosa	6ElESrhqjS1PJDDOMTotYe	Various Artists	Hit Estate 2007	https://i.scdn.co/image/e27528ca817c12e1d5af151fd3908d887499667e	0	0.519	0.658	B	-8.199	minor	0.0549	0.447	3.18e-6	0.119	0.807	169.774	231813	4	B minor
2010	Valerio Scanu	Per tutte le volte che…	per tutte le volte che mi dici basta e basta più non è non corrisponde il flusso delle tue parole al battito del cuore per tutte le volte che mi chiedi scusa e scusa più non è ma trovi sempre il modo di farmi sembrare il simbolo del male per tutte le volte che è tua colpa o forse non lo è ma il dubbio basta a farmi ritrovare quella voglia di gridare ma poi c'è una volta in cui scatta qualcosa fuori e dentro di noi e tutto il resto è piccolo come uno spillo impercettibile come se un giorno freddo in pieno inverno nudi non avessimo poi tanto freddo perchè noi coperti sotto il mare a far l'amore in tutti i modi in tutti i luoghi in tutti i laghi in tutto il mondo l'universo che ci insegue ma ormai siamo irraggiungibili per tutte le volte che un pugno al muro nulla fa perchè questo dolore è dolce come il miele confrontato con il male che noi ci facciamo se così potente questo amore che ci difendiamo con tutta la forza ma non basta quasi mai come se un giorno freddo in pieno inverno nudi non avessimo poi tanto freddo perchè noi coperti sotto il mare a far l'amore in tutti i modi in tutti i luoghi in tutti i laghi in tutto il mondo l'universo che ci si insegue ma ormai siamo irraggiungibili irraggiungibili mm come se un giorno freddo in pieno inverno nudi non avessimo poi tanto freddo perchè noi coperti sotto il mare a far l'amore in tutti i modi in tutti i luoghi in tutti i laghi in tutto il mondo l'universo l'universo l'universo come se un giorno freddo in pieno inverno nudi non avessimo poi tanto freddo perchè noi coperti sotto il mare ma far l'amore ma ormai siamo irraggiungibili mm mm mm	0	Festival di Sanremo: Tutte le canzoni vincitrici (All Winners)	https://mosaic.scdn.co/640/84dfa22bd88d33fcb4dbae6c7464ec3d3ed5e87db7dc55c8d03f0d69ac26609c205b314714dfd087e39a814b141f80791d27af68a41f8e4b6c84bdf4f18d8f92e925c89caacf65f51925c0a69412abb2	Per Tutte Le Volte Che...	1qBKrPkpVNu11W4tjY88Gj	Valerio Scanu	Per Tutte Le Volte Che...	https://i.scdn.co/image/9979973f1302c552991422a14c28b67fbdea15cf	41	0.619	0.536	F#	-7.015	major	0.0407	0.495	0	0.117	0.135	124.059	238080	4	F# major
2011	Roberto Vecchioni	Chiamami ancora amore	e per la barca che è volata in cielo che i bimbi ancora stavano a giocare che gli avrei regalato il mare intero pur di vedermeli arrivare per il poeta che non può cantare per l'operaio che ha perso il suo lavoro per chi ha vent'anni e se ne sta a morire in un deserto come in un porcile e per tutti i ragazzi e le ragazze che difendono un libro un libro vero così belli a gridare nelle piazze perché stanno uccidendoci il pensiero per il bastardo che sta sempre al sole per il vigliacco che nasconde il cuore per la nostra memoria gettata al vento da questi signori del dolore chiamami ancora amore chiamami sempre amore che questa maledetta notte dovrà pur finire perché la riempiremo noi da qui di musica e parole chiamami ancora amore chiamami sempre amore in questo disperato sogno tra il silenzio e il tuono difendi questa umanità anche restasse un solo uomo chiamami ancora amore chiamami ancora amore chiamami sempre amore perché le idee sono come farfalle che non puoi togliergli le ali perché le idee sono come le stelle che non le spengono i temporali perché le idee sono voci di madre che credevamo di avere perso e sono come il sorriso di dio in questo sputo di universo chiamami ancora amore chiamami sempre amore che questa maledetta notte dovrà ben finire perché la riempiremo noi da qui di musica e parole chiamami ancora amore chiamami sempre amore continua a scrivere la vita tra il silenzio e il tuono difendi questa umanità che è così vera in ogni uomo chiamami ancora amore chiamami ancora amore chiamami sempre amore chiamami ancora amore chiamami sempre amore che questa maledetta notte dovrà pur finire perché la riempiremo noi da qui di musica e parole chiamami ancora amore chiamami sempre amore in questo disperato sogno tra il silenzio e il tuono difendi questa umanità anche restasse un solo uomo chiamami ancora amore chiamami ancora amore chiamami sempre amore perché noi siamo amore	0	Festival di Sanremo: Tutte le canzoni vincitrici (All Winners)	https://mosaic.scdn.co/640/84dfa22bd88d33fcb4dbae6c7464ec3d3ed5e87db7dc55c8d03f0d69ac26609c205b314714dfd087e39a814b141f80791d27af68a41f8e4b6c84bdf4f18d8f92e925c89caacf65f51925c0a69412abb2	Chiamami Ancora Amore	2D6t8TtB1cpgXK1L1fJ5P5	Roberto Vecchioni	Chiamami Ancora Amore	https://i.scdn.co/image/d16e434e12cb6452533b15c6686f0675181cf744	44	0.479	0.663	A	-3.325	major	0.0413	0.636	0	0.131	0.328	74.501	253987	4	A major
2012	Emma	Non è l’inferno	ho dato la vita e il sangue per il mio paese e mi ritrovo a non tirare a fine mese in mano a dio le sue preghiere ho giurato fede mentre diventavo padre due guerre senza garanzia di ritornare solo medaglie per l'onore se qualcuno sente queste semplici parole parlo per tutte quelle povere persone che ancora credono nel bene se tu che hai coscienza guidi e credi nel paese dimmi cosa devo fare per pagarmi da mangiare per pagarmi dove stare dimmi che cosa devo fare no questo no non è l'inferno ma non comprendo com'è possibile pensare che sia più facile morire no non lo pretendo ma ho ancora il sogno che tu mi ascolti e non rimangano parole ho pensato a questo invito non per compassione ma per guardarla in faccia e farle assaporare un po' di vino e un poco di mangiare se sapesse che fatica ho fatto per parlare con mio figlio che a anni teme il sogno di sposarsi e la natura di diventare padre se sapesse quanto sia difficile il pensiero che per un giorno di lavoro c'è chi ha ancora più diritti di chi ha creduto nel paese del futuro no questo no non è l'inferno ma non comprendo com'è possibile pensare che sia più facile morire no non lo pretendo ma ho ancora il sogno che tu mi ascolti e non rimangano parole non rimangono parole na na na na na com'è possibile pensare che sia più facile morire io no non lo pretendo ma ho ancora il sogno che tu mi ascolti e non rimangano parole non rimangano parole non rimangano parole	1	Festival di Sanremo: Tutte le canzoni vincitrici (All Winners)	https://mosaic.scdn.co/640/84dfa22bd88d33fcb4dbae6c7464ec3d3ed5e87db7dc55c8d03f0d69ac26609c205b314714dfd087e39a814b141f80791d27af68a41f8e4b6c84bdf4f18d8f92e925c89caacf65f51925c0a69412abb2	Non E' L'Inferno	7lx7ourd9AVFIBXFTCWXx8	Emma	Sarò Libera (Sanremo Edition)	https://i.scdn.co/image/8453dee4ba4e26a2cab0749b6404c8fdfc4b198d	43	0.569	0.731	F#	-5.853	major	0.0342	0.042	0	0.129	0.322	126.884	225253	4	F# major
2013	Marco Mengoni	L’Essenziale	"sostengono gli eroi: "" se il gioco si fa duro è da giocare"" beati loro poi se scambiano le offese con il bene succede anche a noi di far la guerra e ambire poi alla pace e nel silenzio mio annullo ogni tuo singolo dolore per apprezzare quello che non ho saputo scegliere mentre il mondo cade a pezzi io compongo nuovi spazi e desideri che appartengono anche a te che da sempre sei per me l'essenziale non accetterò un altro errore di valutazione l'amore è in grado di celarsi dietro amabili parole che ho pronunciato prima che fossero vuote e stupide mentre il mondo cade a pezzi io compongo nuovi spazi e desideri che appartengono anche a te mentre il mondo cade a pezzi mi allontano dagli eccessi e dalle cattive abitudini tornerò all'origine torno a te che sei per me l'essenziale l'amore non segue le logiche ti toglie il respiro e la sete mentre il mondo cade a pezzi io compongo nuovi spazi e desideri che appartengono anche a te mentre il mondo cade a pezzi mi allontano dagli eccessi e dalle cattive abitudini tornerò all'origine torno a te che sei per me l'essenziale"	0	Festival di Sanremo: Tutte le canzoni vincitrici (All Winners)	https://mosaic.scdn.co/640/84dfa22bd88d33fcb4dbae6c7464ec3d3ed5e87db7dc55c8d03f0d69ac26609c205b314714dfd087e39a814b141f80791d27af68a41f8e4b6c84bdf4f18d8f92e925c89caacf65f51925c0a69412abb2	L'essenziale	5klQSk2bLb0U3vnvGJUZf4	Marco Mengoni	#PRONTOACORRERE	https://i.scdn.co/image/fc3cc6d0730abd0e6b48449c7cd0015777d51a08	51	0.556	0.632	F#	-4.438	major	0.0359	0.196	0	0.114	0.152	126.03	218893	4	F# major
2015	Il Volo	Grande Amore	Chiudo gli occhi e penso a lei Il profumo dolce della pelle sua È una voce dentro che mi sta portando dove nasce il sole. Sole sono le parole Ma se vanno scritte tutto può cambiare Senza più timore te lo voglio urlare questo grande amore  Amore, solo amore è quello che sento Dimmi perché quando penso, penso solo a te Dimmi perché quando vedo, vedo solo te Dimmi perché quando credo, credo solo in te grande amore Dimmi che mai Che non mi lascerai mai. Dimmi chi sei Respiro dei giorni miei d'amore. Dimmi che sai Che solo me sceglierai Ora lo sai Tu sei il mio unico grande amore  Passeranno primavere, Giorni freddi e stupidi da ricordare, Maledette notti perse a non dormire altre a far l'amore  Amore, sei il mio amore Per sempre, per me. Dimmi perché quando penso, penso solo a te Dimmi perché quando amo, amo solo te Dimmi perché quando vivo, vivo solo in te grande amore Dimmi che mai Che non mi lascerai mai. Dimmi chi sei Respiro dei giorni miei d'amore. Dimmi che sai Che non mi sbaglierei mai Dimmi che sei Che sei il mio unico grande amore	0	Festival di Sanremo: Tutte le canzoni vincitrici (All Winners)	https://mosaic.scdn.co/640/84dfa22bd88d33fcb4dbae6c7464ec3d3ed5e87db7dc55c8d03f0d69ac26609c205b314714dfd087e39a814b141f80791d27af68a41f8e4b6c84bdf4f18d8f92e925c89caacf65f51925c0a69412abb2	Grande amore	4hWQaCHO3k3bTYi8AozKTE	Il Volo	Sanremo grande amore	https://i.scdn.co/image/e1b7a7a925bb8709cc6efde440d0fa6aaff390ff	54	0.466	0.617	C#	-5.853	major	0.029	0.0586	9.2e-5	0.147	0.177	142.121	224947	4	C# major
2016	Stadio	Un giorno mi dirai	un giorno ti dirò che ho rinunciato alla mia felicità per te e tu riderai riderai e tu riderai di me un giorno ti dirò che ti volevo bene più di me e tu riderai riderai tu riderai di me e mi dirai che un padre non deve piangere mai non deve piangere mai e mi dirai che un uomo deve sapere difendersi… na na na na un giorno ti dirò che ho rinunciato agli occhi suoi per te e tu non capirai e mi chiederai… perché e mi dirai che un padre non deve piangere mai non deve arrendersi mai tu mi dirai che un uomo deve sapere proteggersi… uoh ouh ouh ouh un giorno mi dirai che un uomo ti ha lasciata e che non sai più come fare a respirare a continuare a vivere io ti dirò che un uomo può anche sbagliare lo sai si può sbagliare lo sai ma che se era vero amore e’ stato meglio comunque viverlo ma tu non mi ascolterai già so che tu non mi capirai e non mi crederai piangendo tu mi stringerai uoh ouh ouh ouh	0	Festival di Sanremo: Tutte le canzoni vincitrici (All Winners)	https://mosaic.scdn.co/640/84dfa22bd88d33fcb4dbae6c7464ec3d3ed5e87db7dc55c8d03f0d69ac26609c205b314714dfd087e39a814b141f80791d27af68a41f8e4b6c84bdf4f18d8f92e925c89caacf65f51925c0a69412abb2	Un Giorno Mi Dirai	3KFmkaurkJTvBAZG5ZjnuU	Stadio	Un Giorno Mi Dirai	https://i.scdn.co/image/bb39a291e66345c5b08bc357502f00a46e49bcd2	30	0.401	0.75	A	-4.597	major	0.0296	0.0418	0	0.113	0.258	174.02	244747	4	A major
2017	Francesco Gabbani	Occidentali's Karma	essere o dover essere il dubbio amletico contemporaneo come l'uomo del neolitico nella tua gabbia x mettiti comodo intellettuali nei caffè internettologi soci onorari al gruppo dei selfisti anonimi l’intelligenza è démodé risposte facili dilemmi inutili bridge a a a cercasi cerca sì storie dal gran finale spèrasi spera sì comunque vada panta rei and singing in the rain lezioni di nirvana c'è il buddha in fila indiana per tutti un'ora d'aria di gloria alé la folla grida un mantra l’evoluzione inciampa la scimmia nuda balla occidentali's karma occidentali's karma la scimmia nuda balla occidentali's karma  piovono gocce di chanel su corpi asettici mettiti in salvo dall'odore dei tuoi simili tutti tuttologi col web coca dei popoli oppio dei poveri bridge a a a cercasi cerca sì umanità virtuale sex appeal sex appeal comunque vada panta rei and singing in the rain lezioni di nirvana c’è il buddha in fila indiana per tutti un'ora d'aria di gloria la folla grida un mantra l’evoluzione inciampa la scimmia nuda balla occidentali's karma occidentali's karma la scimmia nuda balla occidentali's karma  quando la vita si distrae cadono gli uomini occidentali's karma occidentali's karma la scimmia si rialza namasté alé lezioni di nirvana c’è il buddha in fila indiana per tutti un'ora d'aria di gloria la folla grida un mantra l’evoluzione inciampa la scimmia nuda balla occidentali's karma occidentali's karma la scimmia nuda balla occidentali's karma	0	Festival di Sanremo: Tutte le canzoni vincitrici (All Winners)	https://mosaic.scdn.co/640/84dfa22bd88d33fcb4dbae6c7464ec3d3ed5e87db7dc55c8d03f0d69ac26609c205b314714dfd087e39a814b141f80791d27af68a41f8e4b6c84bdf4f18d8f92e925c89caacf65f51925c0a69412abb2	Occidentali's Karma - Radio Edit	4UPyr3Tep8idtAmisAu1qs	Francesco Gabbani	Occidentali's Karma	https://i.scdn.co/image/7772d53f92a8ddc2612bf73b4651abd08a14f6fa	57	0.669	0.832	A#	-4.014	major	0.075	0.0424	3.89e-6	0.111	0.582	114.046	217625	4	A# major
1959	Domenico Modugno, Johnny Dorelli	Piove	ciao ciao bambina un bacio ancora e poi per sempre ti perderò come una fiaba l'amore passa c'era una volta poi non c'è più cos'è che trema sul tuo visino è pioggia o pianto dimmi cos'è vorrei trovare parole nuove ma piove piove sul nostro amor ciao ciao bambina non ti voltare non posso dirti rimani ancor come una fiaba l'amore passa c'era una volta poi non c'è più cos'è che trema sul tuo visino è pioggia o pianto dimmi cos'è vorrei trovare parole nuove ma piove piove sul nostro amor	0	Festival di Sanremo: Tutte le canzoni vincitrici (All Winners)	https://mosaic.scdn.co/640/84dfa22bd88d33fcb4dbae6c7464ec3d3ed5e87db7dc55c8d03f0d69ac26609c205b314714dfd087e39a814b141f80791d27af68a41f8e4b6c84bdf4f18d8f92e925c89caacf65f51925c0a69412abb2	Piove	2YQX5Caa77BzSpLo6mmb5a	Domenico Modugno	Piove	https://i.scdn.co/image/818253b8eec4b33b75878dfdc1840f4666b7ed5e	0	0.314	0.426	D	-12.134	major	0.0408	0.817	1.83e-6	0.0976	0.395	127.767	185234	4	D major
1964	Gigliola Cinquetti, Patricia Carli	Non ho l'età	non ho l'età non ho l'età per amarti non ho l'età per uscire sola con te e non avrei non avrei nulla da dirti perché tu sai molte più cose di me lascia che io viva un amore romantico nell' attesa che venga quel giorno ma ora no non ho l'età non ho l'età per amarti non ho l'età per uscire sola con te se tu vorrai se tu vorrai aspettarmi quel giorno avrai tutto il mio amore per te lascia che io viva un amore romantico nell' attesa che venga quel giorno ma ora no non ho l'età non ho l'età per amarti non ho l'età per uscire sola con te se tu vorrai se tu vorrai aspettarmi quel giorno avrai tutto il mio amore per te	1	Festival di Sanremo: Tutte le canzoni vincitrici (All Winners)	https://mosaic.scdn.co/640/84dfa22bd88d33fcb4dbae6c7464ec3d3ed5e87db7dc55c8d03f0d69ac26609c205b314714dfd087e39a814b141f80791d27af68a41f8e4b6c84bdf4f18d8f92e925c89caacf65f51925c0a69412abb2	Non ho l'età	6wQt2YhUmfJozHZ1cMCpQz	Gigliola Cinquetti	Top '60 Hits Made in Italy, Vol. 2	https://i.scdn.co/image/9246f52431ea54b484243d7b5cf9f98e60ba0cec	6	0.412	0.205	F	-13.773	major	0.0297	0.923	0.0146	0.222	0.432	96.899	199840	4	F major
1965	Bobby Solo, New Christy Minstrels	Se Piangi Se Ridi	se piangi amore io piango con te perché sono parte di te sorridi sempre se tu non vuoi non vuoi vedermi soffrire mai se ridi amore io rido con te perché tu sei parte di me ricorda sempre: quel che tu fai sopra il mio volto lo rivedrai non sei mai sola anche se tu tu sei lontana da me ogni momento dovunque andrai accanto a te mi troverai se piangi se ridi io sono con te perché sono parte di te ricorda sempre: quel che tu fai sopra il mio volto lo rivedrai ricorda sempre: quel che tu fai sopra il mio volto lo rivedrai	0	Festival di Sanremo: Tutte le canzoni vincitrici (All Winners)	https://mosaic.scdn.co/640/84dfa22bd88d33fcb4dbae6c7464ec3d3ed5e87db7dc55c8d03f0d69ac26609c205b314714dfd087e39a814b141f80791d27af68a41f8e4b6c84bdf4f18d8f92e925c89caacf65f51925c0a69412abb2	Se Piangi Se Ridi	04r25eg2V9NLWEhEkjOx5X	Bobby Solo	San Remo Hits Volume 12	https://i.scdn.co/image/e5280967989d0f6bdfed10c87af69598a371b9d7	0	0.244	0.258	A	-13.204	major	0.036	0.881	1.08e-6	0.132	0.203	177.282	178760	3	A major
1968	Sergio Endrigo, Roberto Carlos Braga	Canzone Per Te - Versão Remasterizada	La festa appena cominciata È già finita Il cielo non è più con noi Il nostro amore era l’invidia di chi è solo Era il mio orgoglio la tua allegria  È stato tanto grande e ormai Non sa morire Per questo canto e canto te La solitudine che tu mi hai regalato Io la coltivo come un fiore  Chissà se finirà Se un nuovo sogno la mia mano prenderà Se a un’altra io dirò Le cose che dicevo a te  Ma oggi devo dire che Ti voglio bene Per questo canto e canto te È stato tanto grande e ormai non sa morire Per questo canto e canto te	0	Festival di Sanremo: Tutte le canzoni vincitrici (All Winners)	https://mosaic.scdn.co/640/84dfa22bd88d33fcb4dbae6c7464ec3d3ed5e87db7dc55c8d03f0d69ac26609c205b314714dfd087e39a814b141f80791d27af68a41f8e4b6c84bdf4f18d8f92e925c89caacf65f51925c0a69412abb2	Canzone Per Te - Versão Remasterizada	5fPs5LhexhH4dYgUyw4JoY	Roberto Carlos	San Remo 1968 (Remasterizado)	https://i.scdn.co/image/eb9df9fe874ba791c7187c161747dc9795a7a356	18	0.279	0.368	A	-7.239	major	0.0306	0.59	7.86e-4	0.197	0.466	104.718	184733	1	A major
1970	Adriano Celentano, Claudia Mori	Chi Non Lavora Non Fa L'Amore - Remastered	Chi non lavora non fa l’amor!  Questo mi ha detto ieri mia moglie!  “Chi non lavora non fa l’amore!”  Questo mi ha detto ieri mia moglie!  A casa stanco, ieri ritornai, mi son seduto …  niente c’era in tavola.  Arrabbiata lei mi grida  che ho scioperato due giorni su tre…  Coi soldi che le do  non ce la fa più e ha deciso che,  lei fa lo sciopero contro di me!  Chi non lavora non fa I’amore!  Questo mi ha detto ieri mia moglie!  Allora andai a lavorare  mentre eran tutti a scioperare!  E un grosso pugno in faccia mi arrivò,  andai a piedi alla guardia medica!  C’era lo sciopero anche del tranvaj…  Arrivo li, ma il dottore non c’è!  E’ in sciopero anche lui!  Che gioco è Ma?! Ma come finirà…  C’è il caos nella città Non so più cosa far!  Se non sciopero mi picchiano!  Se sciopero, mia moglie dice:  “Chi non lavora non fa I’ amore!”  Dammi l’aumento signor padrone  cosi vedrai che in casa tua  e in ogni casa entra l’amore.  Cosi vedrai che in casa tua  e in ogni casa entra l’amore.	0.5	Festival di Sanremo: Tutte le canzoni vincitrici (All Winners)	https://mosaic.scdn.co/640/84dfa22bd88d33fcb4dbae6c7464ec3d3ed5e87db7dc55c8d03f0d69ac26609c205b314714dfd087e39a814b141f80791d27af68a41f8e4b6c84bdf4f18d8f92e925c89caacf65f51925c0a69412abb2	Chi Non Lavora Non Fa L'Amore - Remastered	5QNEUi7oFTKcOrEMzLA9uV	Claudia Mori	Claudiamoricollection	https://i.scdn.co/image/5e861ab7f5203f73be06fa202583f09baf522433	8	0.481	0.891	B	-5.513	minor	0.0753	0.0957	1.09e-4	0.164	0.74	111.44	178627	4	B minor
